timestamp,accX,accY,accZ,gyroX,gyroY,gyroZ,magX,magY,magZ
2025-07-16T20:39:31.949095,0.772705078125,0.5482177734375,-0.340087890625,2.0751953125,0.3662109076976776,1.5258787870407104,47.0,-46.0,-19.0
2025-07-16T20:39:31.979145,0.76611328125,0.556884765625,-0.3414306640625,2.0751953125,1.0986328125,1.4038084745407104,47.0,-46.0,-19.0
2025-07-16T20:39:32.009121,0.7642822265625,0.5667724609375,-0.3292236328125,2.990722417831421,1.4038084745407104,1.0986328125,46.0,-46.0,-21.0
2025-07-16T20:39:32.039038,0.7608642578125,0.5650634765625,-0.33349609375,3.784179449081421,1.8310545682907104,0.0,46.0,-46.0,-21.0
2025-07-16T20:39:32.067340,0.760498046875,0.5654296875,-0.32373046875,4.5166015625,2.563476324081421,-2.746581792831421,46.0,-46.0,-21.0
2025-07-16T20:39:32.113243,0.7802734375,0.5643310546875,-0.330810546875,5.065917491912842,1.7700194120407104,-1.4038084745407104,49.0,-46.0,-14.0
2025-07-16T20:39:32.143024,0.778564453125,0.5604248046875,-0.337890625,5.676269054412842,1.6479490995407104,-0.1220703050494194,49.0,-46.0,-14.0
2025-07-16T20:39:32.173197,0.7493896484375,0.554931640625,-0.341552734375,5.554198741912842,1.9531248807907104,1.4648436307907104,49.0,-46.0,-14.0
2025-07-16T20:39:32.203313,0.736328125,0.556884765625,-0.3311767578125,5.615233898162842,2.50244140625,1.220703125,49.0,-46.0,-14.0
2025-07-16T20:39:32.248667,0.7586669921875,0.575927734375,-0.317626953125,6.713866710662842,1.9531248807907104,0.4882812201976776,47.0,-43.0,-16.0
2025-07-16T20:39:32.250366,0.769775390625,0.5753173828125,-0.321044921875,7.873534679412842,1.4038084745407104,0.3662109076976776,47.0,-43.0,-16.0
2025-07-16T20:39:32.278040,0.7645263671875,0.5723876953125,-0.3270263671875,8.36181640625,1.220703125,-0.30517578125,47.0,-43.0,-16.0
2025-07-16T20:39:32.321839,0.7591552734375,0.5797119140625,-0.3348388671875,8.544921875,1.5258787870407104,-0.6713866591453552,47.0,-47.0,-16.0
2025-07-16T20:39:32.368444,0.761962890625,0.5789794921875,-0.3260498046875,8.30078125,2.563476324081421,-1.3427733182907104,47.0,-47.0,-16.0
2025-07-16T20:39:32.368789,0.76220703125,0.5792236328125,-0.3182373046875,7.080077648162842,2.563476324081421,0.0,47.0,-47.0,-16.0
2025-07-16T20:39:32.412124,0.7545166015625,0.57275390625,-0.321533203125,5.615233898162842,1.9531248807907104,0.1831054538488388,47.0,-47.0,-16.0
2025-07-16T20:39:32.458389,0.76123046875,0.571044921875,-0.3243408203125,3.906249761581421,1.4648436307907104,-0.6713866591453552,46.0,-46.0,-19.0
2025-07-16T20:39:32.458758,0.7646484375,0.578125,-0.3167724609375,2.3193359375,0.7934569716453552,-0.7934569716453552,46.0,-46.0,-19.0
2025-07-16T20:39:32.502315,0.76416015625,0.583251953125,-0.3162841796875,0.7934569716453552,-0.1220703050494194,-0.1831054538488388,46.0,-46.0,-19.0
2025-07-16T20:39:32.548813,0.75830078125,0.5762939453125,-0.323974609375,0.4272460639476776,-0.1220703050494194,-0.8544921278953552,46.0,-43.0,-18.0
2025-07-16T20:39:32.549152,0.763427734375,0.5751953125,-0.31884765625,0.1831054538488388,0.1831054538488388,-0.7324218153953552,46.0,-43.0,-18.0
2025-07-16T20:39:32.592292,0.7681884765625,0.572998046875,-0.326904296875,0.1220703050494194,0.6713866591453552,-0.9765624403953552,46.0,-43.0,-18.0
2025-07-16T20:39:32.622952,0.77099609375,0.5693359375,-0.32861328125,0.0610351525247097,0.9155272841453552,-1.7700194120407104,49.0,-47.0,-13.0
2025-07-16T20:39:32.653124,0.7620849609375,0.5704345703125,-0.3284912109375,-0.1831054538488388,1.15966796875,-2.3193359375,49.0,-47.0,-13.0
2025-07-16T20:39:32.682212,0.764892578125,0.5828857421875,-0.3172607421875,0.0,1.4038084745407104,-2.197265625,49.0,-47.0,-13.0
2025-07-16T20:39:32.728730,0.765380859375,0.58349609375,-0.3216552734375,0.54931640625,1.3427733182907104,-0.1831054538488388,48.0,-45.0,-17.0
2025-07-16T20:39:32.775069,0.76513671875,0.5726318359375,-0.3272705078125,0.9155272841453552,1.8310545682907104,-0.0610351525247097,48.0,-45.0,-17.0
2025-07-16T20:39:32.775398,0.7601318359375,0.558349609375,-0.32763671875,0.4272460639476776,1.8920897245407104,0.1220703050494194,48.0,-45.0,-17.0
2025-07-16T20:39:32.818666,0.7623291015625,0.5650634765625,-0.3311767578125,-0.2441406100988388,1.7700194120407104,-0.6103515625,48.0,-45.0,-17.0
2025-07-16T20:39:32.848051,0.7677001953125,0.5616455078125,-0.32958984375,-1.4038084745407104,0.8544921278953552,-0.2441406100988388,47.0,-46.0,-15.0
2025-07-16T20:39:32.878245,0.7666015625,0.572265625,-0.3233642578125,-1.4038084745407104,0.4882812201976776,-0.54931640625,47.0,-46.0,-15.0
2025-07-16T20:39:32.922507,0.7713623046875,0.5714111328125,-0.3243408203125,-1.03759765625,-0.0610351525247097,-0.4272460639476776,47.0,-46.0,-15.0
2025-07-16T20:39:32.922793,0.7620849609375,0.554443359375,-0.333251953125,-0.9765624403953552,-0.4882812201976776,-0.6103515625,46.0,-47.0,-17.0
2025-07-16T20:39:32.952651,0.760498046875,0.551513671875,-0.3321533203125,-0.9155272841453552,-0.30517578125,-2.197265625,46.0,-47.0,-17.0
2025-07-16T20:39:32.982200,0.76171875,0.5523681640625,-0.33154296875,-0.9765624403953552,-0.1831054538488388,-2.01416015625,46.0,-47.0,-17.0
2025-07-16T20:39:33.028000,0.7686767578125,0.5626220703125,-0.3353271484375,-0.4272460639476776,0.0,-2.50244140625,47.0,-47.0,-16.0
2025-07-16T20:39:33.057772,0.772216796875,0.566650390625,-0.3292236328125,0.3662109076976776,0.2441406100988388,-2.01416015625,47.0,-47.0,-16.0
2025-07-16T20:39:33.103191,0.77197265625,0.5634765625,-0.3289794921875,0.9765624403953552,0.0610351525247097,-1.3427733182907104,47.0,-47.0,-16.0
2025-07-16T20:39:33.103436,0.7706298828125,0.56298828125,-0.3359375,1.5869139432907104,0.1831054538488388,-1.3427733182907104,47.0,-47.0,-16.0
2025-07-16T20:39:33.133075,0.771728515625,0.5604248046875,-0.3349609375,1.5869139432907104,0.30517578125,-0.9765624403953552,47.0,-44.0,-19.0
2025-07-16T20:39:33.162784,0.7669677734375,0.560302734375,-0.33544921875,1.4038084745407104,0.30517578125,-0.6713866591453552,47.0,-44.0,-19.0
2025-07-16T20:39:33.192527,0.7679443359375,0.5533447265625,-0.3370361328125,1.220703125,0.7934569716453552,-0.6713866591453552,47.0,-44.0,-19.0
2025-07-16T20:39:33.222574,0.7650146484375,0.5601806640625,-0.3331298828125,0.54931640625,0.8544921278953552,-0.8544921278953552,49.0,-44.0,-17.0
2025-07-16T20:39:33.281797,0.76513671875,0.572265625,-0.3243408203125,-0.4272460639476776,-0.0610351525247097,-1.220703125,49.0,-44.0,-17.0
2025-07-16T20:39:33.286006,0.777099609375,0.597900390625,-0.3125,-0.9155272841453552,-3.051757574081421,1.4038084745407104,49.0,-44.0,-17.0
2025-07-16T20:39:33.328595,0.77197265625,0.5765380859375,-0.3287353515625,-0.54931640625,-5.554198741912842,6.286620616912842,50.0,-43.0,-19.0
2025-07-16T20:39:33.357311,0.7628173828125,0.55078125,-0.3563232421875,1.03759765625,-5.0048828125,9.09423828125,50.0,-43.0,-19.0
2025-07-16T20:39:33.387048,0.7755126953125,0.5355224609375,-0.3685302734375,2.50244140625,1.15966796875,10.803221702575684,50.0,-43.0,-19.0
2025-07-16T20:39:33.431687,0.8023681640625,0.5889892578125,-0.3734130859375,4.08935546875,7.934569835662842,13.183592796325684,50.0,-43.0,-19.0
2025-07-16T20:39:33.434098,0.797119140625,0.591064453125,-0.3721923828125,7.141112804412842,12.573241233825684,15.991209983825684,48.0,-45.0,-24.0
2025-07-16T20:39:33.478696,0.744873046875,0.56884765625,-0.3743896484375,9.6435546875,15.441893577575684,14.770506858825684,48.0,-45.0,-24.0
2025-07-16T20:39:33.507981,0.743408203125,0.5714111328125,-0.3736572265625,9.033203125,19.4091796875,12.695311546325684,48.0,-45.0,-24.0
2025-07-16T20:39:33.553491,0.7718505859375,0.5789794921875,-0.397705078125,6.713866710662842,23.254392623901367,11.901854515075684,49.0,-42.0,-15.0
2025-07-16T20:39:33.555156,0.7529296875,0.5809326171875,-0.399169921875,4.21142578125,24.902341842651367,10.681151390075684,49.0,-42.0,-15.0
2025-07-16T20:39:33.581930,0.7117919921875,0.564697265625,-0.3785400390625,2.44140625,25.207517623901367,8.4228515625,49.0,-42.0,-15.0
2025-07-16T20:39:33.627926,0.71728515625,0.581787109375,-0.390625,-0.2441406100988388,25.695798873901367,4.638671875,49.0,-42.0,-15.0
2025-07-16T20:39:33.643878,0.71630859375,0.594482421875,-0.40673828125,-2.624511480331421,25.756834030151367,2.563476324081421,49.0,-43.0,-21.0
2025-07-16T20:39:33.671800,0.7108154296875,0.583740234375,-0.420166015625,-5.920409679412842,24.230955123901367,1.8310545682907104,49.0,-43.0,-21.0
2025-07-16T20:39:33.718785,0.707275390625,0.576171875,-0.423583984375,-10.986327171325684,22.583005905151367,0.0610351525247097,49.0,-43.0,-21.0
2025-07-16T20:39:33.778942,0.720947265625,0.57861328125,-0.4599609375,-13.977049827575684,24.047849655151367,-2.0751953125,46.0,-39.0,-20.0
2025-07-16T20:39:33.780526,0.7259521484375,0.56591796875,-0.4920654296875,-18.00537109375,26.062009811401367,-0.7934569716453552,46.0,-39.0,-20.0
2025-07-16T20:39:33.821750,0.7158203125,0.560791015625,-0.505615234375,-22.460935592651367,28.381345748901367,-1.6479490995407104,46.0,-39.0,-20.0
2025-07-16T20:39:33.824510,0.6580810546875,0.582763671875,-0.4813232421875,-23.193357467651367,33.38623046875,-11.108397483825684,46.0,-36.0,-22.0
2025-07-16T20:39:33.869169,0.693603515625,0.60986328125,-0.4256591796875,-22.399900436401367,34.912109375,-20.751951217651367,46.0,-36.0,-22.0
2025-07-16T20:39:33.911581,0.68603515625,0.5614013671875,-0.43701171875,-22.521970748901367,28.442380905151367,-13.549803733825684,46.0,-36.0,-22.0
2025-07-16T20:39:33.912616,0.6253662109375,0.5052490234375,-0.4869384765625,-21.545408248901367,28.015134811401367,-16.54052734375,48.0,-38.0,-27.0
2025-07-16T20:39:33.957144,0.6558837890625,0.5380859375,-0.508544921875,-19.83642578125,28.808591842651367,-24.353025436401367,48.0,-38.0,-27.0
2025-07-16T20:39:34.002485,0.662841796875,0.53271484375,-0.52099609375,-18.61572265625,22.277830123901367,-18.1884765625,48.0,-38.0,-27.0
2025-07-16T20:39:34.003583,0.6578369140625,0.511962890625,-0.5281982421875,-16.41845703125,19.287109375,-16.845703125,48.0,-38.0,-27.0
2025-07-16T20:39:34.049213,0.6805419921875,0.5108642578125,-0.5582275390625,-11.047362327575684,16.7236328125,-16.6015625,45.0,-37.0,-24.0
2025-07-16T20:39:34.093552,0.6595458984375,0.52001953125,-0.5748291015625,-6.225585460662842,17.4560546875,-15.869139671325684,45.0,-37.0,-24.0
2025-07-16T20:39:34.093730,0.6502685546875,0.5152587890625,-0.5513916015625,-0.4882812201976776,17.9443359375,-14.892577171325684,45.0,-37.0,-24.0
2025-07-16T20:39:34.123913,0.637939453125,0.507568359375,-0.541259765625,4.94384765625,16.7236328125,-12.939452171325684,45.0,-36.0,-25.0
2025-07-16T20:39:34.153087,0.6348876953125,0.513671875,-0.5556640625,8.6669921875,15.014647483825684,-12.451170921325684,45.0,-36.0,-25.0
2025-07-16T20:39:34.182987,0.6400146484375,0.53466796875,-0.576416015625,10.681151390075684,12.939452171325684,-9.94873046875,45.0,-36.0,-25.0
2025-07-16T20:39:34.212898,0.64208984375,0.5155029296875,-0.572998046875,10.437010765075684,10.070799827575684,-4.45556640625,43.0,-39.0,-24.0
2025-07-16T20:39:34.242657,0.6414794921875,0.4903564453125,-0.5673828125,8.72802734375,6.347655773162842,-2.868652105331421,43.0,-39.0,-24.0
2025-07-16T20:39:34.272874,0.64892578125,0.4940185546875,-0.5810546875,6.530761241912842,2.44140625,-3.784179449081421,43.0,-39.0,-24.0
2025-07-16T20:39:34.302684,0.641845703125,0.5130615234375,-0.596435546875,4.0283203125,-1.0986328125,-2.13623046875,43.0,-39.0,-24.0
2025-07-16T20:39:34.332638,0.64306640625,0.50146484375,-0.5927734375,1.9531248807907104,-3.173827886581421,0.0,45.0,-36.0,-22.0
2025-07-16T20:39:34.363149,0.6531982421875,0.4910888671875,-0.606689453125,0.6713866591453552,-3.723144292831421,0.4882812201976776,45.0,-36.0,-22.0
2025-07-16T20:39:34.392624,0.6552734375,0.4892578125,-0.64111328125,-0.1220703050494194,-1.8310545682907104,1.4648436307907104,45.0,-36.0,-22.0
2025-07-16T20:39:34.424967,0.6685791015625,0.4761962890625,-0.6634521484375,-0.4272460639476776,2.13623046875,2.3193359375,46.0,-40.0,-22.0
2025-07-16T20:39:34.454305,0.6832275390625,0.47314453125,-0.6865234375,0.30517578125,7.934569835662842,1.03759765625,46.0,-40.0,-22.0
2025-07-16T20:39:34.484406,0.6722412109375,0.4774169921875,-0.705810546875,1.5258787870407104,15.014647483825684,0.7934569716453552,46.0,-40.0,-22.0
2025-07-16T20:39:34.542904,0.6640625,0.45556640625,-0.7105712890625,2.44140625,22.521970748901367,1.5869139432907104,46.0,-37.0,-27.0
2025-07-16T20:39:34.543099,0.626708984375,0.4205322265625,-0.6995849609375,3.845214605331421,29.968259811401367,0.6103515625,46.0,-37.0,-27.0
2025-07-16T20:39:34.574067,0.5887451171875,0.4090576171875,-0.675048828125,6.530761241912842,36.2548828125,-2.624511480331421,46.0,-37.0,-27.0
2025-07-16T20:39:34.603896,0.588134765625,0.4052734375,-0.7113037109375,8.36181640625,38.6962890625,-3.967284917831421,46.0,-37.0,-27.0
2025-07-16T20:39:34.633867,0.5689697265625,0.3773193359375,-0.783935546875,5.798339366912842,42.236324310302734,-3.234863042831421,45.0,-34.0,-26.0
2025-07-16T20:39:34.664398,0.4521484375,0.399658203125,-0.807861328125,3.662109136581421,54.565425872802734,-5.432128429412842,45.0,-34.0,-26.0
2025-07-16T20:39:34.693438,0.4537353515625,0.4456787109375,-0.6932373046875,10.925292015075684,73.91357421875,-15.624999046325684,45.0,-34.0,-26.0
2025-07-16T20:39:34.725193,0.60009765625,0.542236328125,-0.499755859375,26.123044967651367,73.79150390625,-37.109375,46.0,-34.0,-23.0
2025-07-16T20:39:34.752672,0.62353515625,0.72314453125,-0.4610595703125,42.907711029052734,57.128902435302734,-34.60693359375,46.0,-34.0,-23.0
2025-07-16T20:39:34.783385,0.5177001953125,0.8218994140625,-0.6353759765625,54.565425872802734,40.527339935302734,-11.352538108825684,46.0,-34.0,-23.0
2025-07-16T20:39:34.812712,0.4581298828125,0.7152099609375,-0.843505859375,52.368160247802734,35.33935546875,5.981444835662842,46.0,-32.0,-22.0
2025-07-16T20:39:34.844050,0.43115234375,0.54638671875,-0.8302001953125,40.527339935302734,36.56005859375,4.82177734375,46.0,-32.0,-22.0
2025-07-16T20:39:34.872479,0.42919921875,0.46826171875,-0.649169921875,29.479978561401367,30.212400436401367,-11.352538108825684,46.0,-32.0,-22.0
2025-07-16T20:39:34.903538,0.392578125,0.502685546875,-0.5169677734375,22.827146530151367,15.075682640075684,-21.179197311401367,46.0,-32.0,-22.0
2025-07-16T20:39:34.933881,0.3411865234375,0.5400390625,-0.504150390625,22.827146530151367,-2.25830078125,-23.681638717651367,50.0,-31.0,-22.0
2025-07-16T20:39:34.963368,0.316650390625,0.585693359375,-0.548583984375,27.893064498901367,-11.718749046325684,-29.113767623901367,50.0,-31.0,-22.0
2025-07-16T20:39:34.993728,0.3531494140625,0.66748046875,-0.5538330078125,35.0341796875,-14.526366233825684,-28.320310592651367,50.0,-31.0,-22.0
2025-07-16T20:39:35.024393,0.4013671875,0.668212890625,-0.587890625,39.61181640625,-19.1650390625,-14.221190452575684,50.0,-34.0,-26.0
2025-07-16T20:39:35.067122,0.370361328125,0.551513671875,-0.7120361328125,38.75732421875,-23.681638717651367,-7.995604991912842,50.0,-34.0,-26.0
2025-07-16T20:39:35.144505,0.3638916015625,0.5111083984375,-0.8331298828125,33.14208984375,-19.775390625,-21.911619186401367,50.0,-34.0,-26.0
2025-07-16T20:39:35.144824,0.3797607421875,0.594482421875,-0.8487548828125,30.761716842651367,-9.3994140625,-38.330078125,50.0,-34.0,-26.0
2025-07-16T20:39:35.174362,0.4310302734375,0.67529296875,-0.7637939453125,35.400390625,1.0986328125,-39.12353515625,53.0,-35.0,-13.0
2025-07-16T20:39:35.174512,0.4013671875,0.718994140625,-0.7130126953125,47.973628997802734,9.3994140625,-28.442380905151367,53.0,-35.0,-13.0
2025-07-16T20:39:35.234209,0.3359375,0.670654296875,-0.689453125,64.453125,18.9208984375,-18.9208984375,53.0,-35.0,-13.0
2025-07-16T20:39:35.236245,0.2938232421875,0.581787109375,-0.66748046875,80.078125,30.273435592651367,-19.04296875,52.0,-35.0,-9.0
2025-07-16T20:39:35.262311,0.2860107421875,0.571533203125,-0.6240234375,94.11620330810547,41.992183685302734,-25.390623092651367,52.0,-35.0,-9.0
2025-07-16T20:39:35.293184,0.4044189453125,0.5758056640625,-0.59033203125,103.08837127685547,47.729488372802734,-29.785154342651367,52.0,-35.0,-9.0
2025-07-16T20:39:35.322845,0.6412353515625,0.563720703125,-0.6920166015625,104.37010955810547,43.334957122802734,-36.68212890625,56.0,-38.0,-8.0
2025-07-16T20:39:35.352147,0.6798095703125,0.663330078125,-0.7655029296875,98.14452362060547,51.635738372802734,-42.968746185302734,56.0,-38.0,-8.0
2025-07-16T20:39:35.382918,0.7430419921875,0.56298828125,-0.6524658203125,87.58544158935547,59.082027435302734,-39.4287109375,56.0,-38.0,-8.0
2025-07-16T20:39:35.412839,0.825927734375,0.5396728515625,-0.50732421875,80.50536346435547,59.875484466552734,-51.635738372802734,56.0,-38.0,-8.0
2025-07-16T20:39:35.443161,0.8994140625,0.7420654296875,-0.4481201171875,79.52880859375,57.434078216552734,-63.293453216552734,58.0,-41.0,-3.0
2025-07-16T20:39:35.472894,0.89697265625,0.775146484375,-0.50390625,80.38329315185547,51.330562591552734,-48.583980560302734,58.0,-41.0,-3.0
2025-07-16T20:39:35.502902,0.7713623046875,0.71728515625,-0.4681396484375,80.56639862060547,58.166500091552734,-52.490230560302734,58.0,-41.0,-3.0
2025-07-16T20:39:35.533080,0.6807861328125,0.73046875,-0.3284912109375,80.93260955810547,63.232418060302734,-40.527339935302734,54.0,-41.0,1.0
2025-07-16T20:39:35.563585,0.5384521484375,0.7279052734375,-0.2066650390625,83.43505096435547,64.51416015625,-18.310546875,54.0,-41.0,1.0
2025-07-16T20:39:35.592979,0.461181640625,0.6883544921875,-0.1241455078125,84.41161346435547,65.73486328125,2.624511480331421,54.0,-41.0,1.0
2025-07-16T20:39:35.623327,0.4521484375,0.697265625,-0.1314697265625,78.125,60.302730560302734,30.883787155151367,55.0,-44.0,4.0
2025-07-16T20:39:35.654985,0.27880859375,0.668701171875,-0.132568359375,65.49072265625,53.283687591552734,63.232418060302734,55.0,-44.0,4.0
2025-07-16T20:39:35.683203,0.02294921875,0.639404296875,-0.21142578125,53.405757904052734,63.781734466552734,72.3876953125,55.0,-44.0,4.0
2025-07-16T20:39:35.743329,0.1485595703125,0.5115966796875,-0.1807861328125,28.503416061401367,78.67431640625,19.04296875,60.0,-39.0,9.0
2025-07-16T20:39:35.744131,0.3143310546875,0.5794677734375,-0.297119140625,4.21142578125,80.68846893310547,-31.188962936401367,60.0,-39.0,9.0
2025-07-16T20:39:35.803383,0.3951416015625,0.824462890625,-0.408935546875,-11.962889671325684,83.43505096435547,-37.90283203125,60.0,-39.0,9.0
2025-07-16T20:39:35.804945,0.227294921875,1.0213623046875,-0.4918212890625,-18.73779296875,105.77391815185547,-43.884273529052734,60.0,-39.0,9.0
2025-07-16T20:39:35.846849,0.0875244140625,1.0142822265625,-0.562744140625,-10.986327171325684,135.25390625,-62.744136810302734,56.0,-43.0,6.0
2025-07-16T20:39:35.893302,0.228759765625,0.9849853515625,-0.569091796875,4.94384765625,160.09521484375,-120.36132049560547,56.0,-43.0,6.0
2025-07-16T20:39:35.893512,0.6365966796875,1.575927734375,-0.59765625,-10.375975608825684,199.09666442871094,-106.75048065185547,56.0,-43.0,6.0
2025-07-16T20:39:35.953025,0.885498046875,1.732666015625,-0.7291259765625,-9.1552734375,197.57078552246094,-94.60448455810547,52.0,-48.0,-4.0
2025-07-16T20:39:35.956075,0.59619140625,1.046142578125,-0.7357177734375,82.03124237060547,146.91162109375,-110.16844940185547,52.0,-48.0,-4.0
2025-07-16T20:39:35.984127,0.19091796875,0.523193359375,-0.5435791015625,140.44189453125,143.9208984375,-107.72704315185547,52.0,-48.0,-4.0
2025-07-16T20:39:36.046828,0.1234130859375,0.6749267578125,-0.4512939453125,135.3759765625,181.82371520996094,-183.71580505371094,52.0,-48.0,-4.0
2025-07-16T20:39:36.047208,0.3892822265625,0.7021484375,-0.7449951171875,73.18115234375,171.20359802246094,-149.658203125,46.0,-55.0,-5.0
2025-07-16T20:39:36.073401,0.556640625,0.6337890625,-1.2198486328125,123.65721893310547,113.64745330810547,-214.84373474121094,46.0,-55.0,-5.0
2025-07-16T20:39:36.120977,0.99658203125,0.560791015625,-0.9808349609375,178.58885192871094,30.090330123901367,-188.04930114746094,46.0,-55.0,-5.0
2025-07-16T20:39:36.121300,0.6318359375,0.4083251953125,-0.610595703125,135.92529296875,31.677244186401367,-82.58055877685547,40.0,-61.0,0.0
2025-07-16T20:39:36.165115,-0.03271484375,1.049560546875,-0.509765625,130.31005859375,74.76806640625,-36.1328125,40.0,-61.0,0.0
2025-07-16T20:39:36.206945,-0.02490234375,1.07861328125,-0.46875,136.71875,64.8193359375,-216.55271911621094,40.0,-61.0,0.0
2025-07-16T20:39:36.208297,0.7515869140625,0.6558837890625,-0.40478515625,153.564453125,77.69775390625,-277.16064453125,28.0,-68.0,5.0
2025-07-16T20:39:36.253714,0.9290771484375,0.516357421875,-0.3292236328125,160.15625,29.296873092651367,-132.4462890625,28.0,-68.0,5.0
2025-07-16T20:39:36.297803,0.5377197265625,0.441162109375,-0.196044921875,165.83250427246094,28.503416061401367,-54.138179779052734,28.0,-68.0,5.0
2025-07-16T20:39:36.300199,0.5003662109375,0.3553466796875,-0.0518798828125,162.17039489746094,6.713866710662842,-100.58592987060547,28.0,-68.0,5.0
2025-07-16T20:39:36.329664,0.5272216796875,0.2899169921875,0.0133056640625,148.681640625,12.268065452575684,-150.81787109375,22.0,-73.0,4.0
2025-07-16T20:39:36.359365,0.602783203125,0.2552490234375,0.1070556640625,124.69481658935547,6.896972179412842,-174.62156677246094,22.0,-73.0,4.0
2025-07-16T20:39:36.388015,0.8388671875,0.297607421875,0.134033203125,91.73583221435547,-3.479003667831421,-170.16600036621094,22.0,-73.0,4.0
2025-07-16T20:39:36.419227,1.0452880859375,0.275634765625,0.1083984375,67.626953125,-17.15087890625,-108.76464080810547,12.0,-74.0,4.0
2025-07-16T20:39:36.449101,1.0107421875,0.2176513671875,0.11279296875,59.509273529052734,-25.085447311401367,-83.74022674560547,12.0,-74.0,4.0
2025-07-16T20:39:36.478032,0.97509765625,0.160888671875,0.167724609375,47.729488372802734,-33.935546875,-83.25194549560547,12.0,-74.0,4.0
2025-07-16T20:39:36.522561,1.08349609375,0.0859375,0.1934814453125,13.549803733825684,-18.49365234375,-119.26268768310547,4.0,-70.0,8.0
2025-07-16T20:39:36.568404,1.36669921875,-0.130126953125,-0.00244140625,-43.701168060302734,7.995604991912842,-168.02976989746094,4.0,-70.0,8.0
2025-07-16T20:39:36.568652,1.6492919921875,-0.266845703125,-0.2584228515625,-60.546871185302734,4.08935546875,-190.24656677246094,4.0,-70.0,8.0
2025-07-16T20:39:36.597880,1.4796142578125,-0.3116455078125,-0.248779296875,-40.466304779052734,-19.95849609375,-161.68211364746094,4.0,-70.0,8.0
2025-07-16T20:39:36.627654,1.303955078125,-0.28564453125,-0.07177734375,-66.162109375,-35.33935546875,-101.44042205810547,-5.0,-69.0,8.0
2025-07-16T20:39:36.658290,1.2718505859375,-0.317138671875,-0.178955078125,-115.66161346435547,-43.457027435302734,-22.827146530151367,-5.0,-69.0,8.0
2025-07-16T20:39:36.687809,1.0001220703125,-0.3167724609375,-0.3250732421875,-114.80712127685547,-42.724605560302734,-7.019042491912842,-5.0,-69.0,8.0
2025-07-16T20:39:36.718194,0.9161376953125,-0.338134765625,-0.3271484375,-104.91942596435547,-34.97314453125,-66.83349609375,-6.0,-64.0,18.0
2025-07-16T20:39:36.762041,0.9459228515625,-0.3126220703125,-0.348388671875,-111.75536346435547,-26.977537155151367,-103.69872283935547,-6.0,-64.0,18.0
2025-07-16T20:39:36.807477,0.9940185546875,-0.301513671875,-0.36474609375,-108.64257049560547,-40.161128997802734,-50.720211029052734,-6.0,-64.0,18.0
2025-07-16T20:39:36.807678,0.7847900390625,-0.2506103515625,-0.32080078125,-107.42186737060547,-56.640621185302734,10.375975608825684,-7.0,-63.0,23.0
2025-07-16T20:39:36.868435,0.6163330078125,-0.156005859375,-0.295166015625,-102.96630096435547,-62.316890716552734,12.878417015075684,-7.0,-63.0,23.0
2025-07-16T20:39:36.868631,0.563232421875,-0.102783203125,-0.2808837890625,-85.14403533935547,-53.222652435302734,-28.747556686401367,-7.0,-63.0,23.0
2025-07-16T20:39:36.898141,0.6044921875,-0.142578125,-0.24658203125,-59.143062591552734,-30.944822311401367,-99.48729705810547,-7.0,-63.0,23.0
2025-07-16T20:39:36.927960,0.7857666015625,-0.22119140625,-0.1666259765625,-26.855466842651367,-9.21630859375,-136.962890625,-10.0,-59.0,28.0
2025-07-16T20:39:36.958435,0.98193359375,-0.3145751953125,0.0462646484375,10.986327171325684,-7.629394054412842,-117.43163299560547,-10.0,-59.0,28.0
2025-07-16T20:39:36.989620,1.0621337890625,-0.4468994140625,0.3306884765625,-1.7089842557907104,-7.202147960662842,-58.105464935302734,-10.0,-59.0,28.0
2025-07-16T20:39:37.017839,1.007080078125,-0.412353515625,0.40966796875,-32.89794921875,-6.652831554412842,-40.283199310302734,-12.0,-54.0,26.0
2025-07-16T20:39:37.048076,1.05859375,-0.4169921875,0.4305419921875,-10.742186546325684,-11.413573265075684,-53.588863372802734,-12.0,-54.0,26.0
2025-07-16T20:39:37.077922,1.1292724609375,-0.6124267578125,0.4715576171875,-23.681638717651367,-18.61572265625,-40.588375091552734,-12.0,-54.0,26.0
2025-07-16T20:39:37.108039,1.1519775390625,-0.4234619140625,0.4251708984375,-52.001949310302734,-30.761716842651367,0.0610351525247097,-12.0,-53.0,28.0
2025-07-16T20:39:37.137761,1.188232421875,-0.340087890625,0.2666015625,-48.339839935302734,-30.822751998901367,5.493163585662842,-12.0,-53.0,28.0
2025-07-16T20:39:37.167994,1.1671142578125,-0.5052490234375,-0.060546875,-51.147457122802734,-27.343748092651367,18.9208984375,-12.0,-53.0,28.0
2025-07-16T20:39:37.197874,1.040283203125,-0.41796875,-0.132080078125,-6.286620616912842,-36.07177734375,29.296873092651367,-12.0,-53.0,28.0
2025-07-16T20:39:37.242485,0.9730224609375,-0.2642822265625,0.1693115234375,18.1884765625,-34.1796875,33.3251953125,-10.0,-50.0,31.0
2025-07-16T20:39:37.288573,0.9755859375,-0.1669921875,0.33740234375,-47.180171966552734,-34.85107421875,43.273921966552734,-10.0,-50.0,31.0
2025-07-16T20:39:37.288868,0.874755859375,-0.2139892578125,0.1162109375,-48.645015716552734,-23.925779342651367,25.878904342651367,-10.0,-50.0,31.0
2025-07-16T20:39:37.379235,0.8946533203125,-0.26171875,0.1173095703125,-29.052732467651367,-8.9111328125,6.591796398162842,-8.0,-53.0,33.0
2025-07-16T20:39:37.380320,1.0107421875,-0.21630859375,0.2593994140625,-21.484373092651367,0.0610351525247097,-1.4648436307907104,-8.0,-53.0,33.0
2025-07-16T20:39:37.408866,1.03759765625,-0.23828125,0.4478759765625,-18.61572265625,-4.57763671875,20.874021530151367,-8.0,-53.0,33.0
2025-07-16T20:39:37.411890,0.9974365234375,-0.298095703125,0.564208984375,-24.780271530151367,-12.756346702575684,37.109375,-6.0,-54.0,36.0
2025-07-16T20:39:37.438488,0.9656982421875,-0.2572021484375,0.5782470703125,-43.701168060302734,-7.202147960662842,39.00146484375,-6.0,-54.0,36.0
2025-07-16T20:39:37.468196,0.95361328125,-0.2481689453125,0.582275390625,-42.297359466552734,-22.399900436401367,28.503416061401367,-6.0,-54.0,36.0
2025-07-16T20:39:37.498427,0.9456787109375,-0.2789306640625,0.669189453125,-39.6728515625,-39.12353515625,30.944822311401367,-6.0,-54.0,36.0
2025-07-16T20:39:37.528235,0.948974609375,-0.24462890625,0.755615234375,-46.081539154052734,-48.950191497802734,36.7431640625,-2.0,-53.0,41.0
2025-07-16T20:39:37.558225,0.969970703125,-0.2393798828125,0.7586669921875,-57.861324310302734,-49.621578216552734,47.241207122802734,-2.0,-53.0,41.0
2025-07-16T20:39:37.620919,0.9171142578125,-0.190673828125,0.7381591796875,-66.2841796875,-48.461910247802734,61.767574310302734,-2.0,-53.0,41.0
2025-07-16T20:39:37.621037,0.955322265625,-0.11279296875,0.78662109375,-60.913082122802734,-47.851558685302734,70.068359375,7.0,-51.0,46.0
2025-07-16T20:39:37.649263,0.963134765625,-0.0694580078125,0.78369140625,-59.326168060302734,-39.0625,61.828609466552734,7.0,-51.0,46.0
2025-07-16T20:39:37.677573,0.965576171875,-0.0103759765625,0.728271484375,-60.607906341552734,-25.390623092651367,45.410152435302734,7.0,-51.0,46.0
2025-07-16T20:39:37.708643,1.006591796875,-0.038818359375,0.659423828125,-51.086421966552734,-27.893064498901367,44.128414154052734,9.0,-51.0,43.0
2025-07-16T20:39:37.738973,0.931884765625,0.026611328125,0.5452880859375,-47.363277435302734,-40.710445404052734,64.94140625,9.0,-51.0,43.0
2025-07-16T20:39:37.769007,0.934326171875,0.19140625,0.5391845703125,-24.719236373901367,-49.804683685302734,98.26659393310547,9.0,-51.0,43.0
2025-07-16T20:39:37.798452,0.724853515625,0.1939697265625,0.4879150390625,9.27734375,-58.044429779052734,104.49217987060547,9.0,-51.0,43.0
2025-07-16T20:39:37.829087,0.571533203125,0.474365234375,0.6002197265625,-35.82763671875,-38.26904296875,50.964351654052734,14.0,-51.0,46.0
2025-07-16T20:39:37.859134,0.4993896484375,0.638427734375,0.4266357421875,49.133296966552734,-0.54931640625,-92.40721893310547,14.0,-51.0,46.0
2025-07-16T20:39:37.888416,0.355224609375,-0.1065673828125,0.1390380859375,67.81005859375,29.663084030151367,-232.29978942871094,14.0,-51.0,46.0
2025-07-16T20:39:37.918169,0.89990234375,-0.0926513671875,0.280029296875,63.354488372802734,51.391597747802734,-200.25633239746094,7.0,-52.0,43.0
2025-07-16T20:39:37.949124,1.4573974609375,0.06689453125,0.2685546875,18.5546875,-25.268552780151367,64.88037109375,7.0,-52.0,43.0
2025-07-16T20:39:37.995241,0.8331298828125,-0.2591552734375,0.252685546875,40.527339935302734,-92.22411346435547,295.47119140625,7.0,-52.0,43.0
2025-07-16T20:39:38.038796,0.3590087890625,-0.096923828125,0.5457763671875,-10.070799827575684,-84.77782440185547,278.50341796875,14.0,-49.0,46.0
2025-07-16T20:39:38.040211,0.360595703125,0.2620849609375,0.50439453125,-42.968746185302734,-17.51708984375,173.82810974121094,14.0,-49.0,46.0
2025-07-16T20:39:38.068387,0.5301513671875,0.236328125,0.51123046875,-7.568358898162842,-23.254392623901367,93.13964080810547,14.0,-49.0,46.0
2025-07-16T20:39:38.098900,0.5233154296875,0.221435546875,0.62451171875,-15.319823265075684,-43.090816497802734,78.79638671875,14.0,-49.0,46.0
2025-07-16T20:39:38.128035,0.359619140625,0.2860107421875,0.5123291015625,-24.291990280151367,-41.992183685302734,42.236324310302734,21.0,-47.0,49.0
2025-07-16T20:39:38.158238,0.24755859375,0.3294677734375,0.530517578125,-15.380858421325684,-30.273435592651367,19.287109375,21.0,-47.0,49.0
2025-07-16T20:39:38.187325,0.4443359375,0.4315185546875,0.5853271484375,-22.277830123901367,-21.362302780151367,45.227046966552734,21.0,-47.0,49.0
2025-07-16T20:39:38.217676,0.2967529296875,0.5233154296875,0.698486328125,-3.356933355331421,-33.935546875,130.9814453125,23.0,-45.0,54.0
2025-07-16T20:39:38.247810,-0.1357421875,0.479736328125,0.6790771484375,-24.230955123901367,-22.888181686401367,79.345703125,23.0,-45.0,54.0
2025-07-16T20:39:38.292722,0.09423828125,0.523681640625,0.5814208984375,-1.7089842557907104,2.807616949081421,-39.1845703125,23.0,-45.0,54.0
2025-07-16T20:39:38.322911,0.3836669921875,0.5009765625,0.7752685546875,33.99658203125,1.7089842557907104,-53.100582122802734,23.0,-45.0,54.0
2025-07-16T20:39:38.367498,0.537109375,0.3155517578125,0.8133544921875,3.173827886581421,-19.8974609375,-43.029781341552734,23.0,-45.0,50.0
2025-07-16T20:39:38.368242,0.19384765625,0.2728271484375,0.9332275390625,26.611326217651367,-2.624511480331421,-32.958984375,23.0,-45.0,50.0
2025-07-16T20:39:38.412510,0.549560546875,0.1036376953125,0.9010009765625,-46.142574310302734,49.438472747802734,1.8310545682907104,23.0,-45.0,50.0
2025-07-16T20:39:38.443429,-0.1402587890625,0.167236328125,0.4122314453125,-45.959468841552734,52.124019622802734,-123.04686737060547,21.0,-49.0,53.0
2025-07-16T20:39:38.489224,0.9085693359375,0.5390625,0.1263427734375,52.978511810302734,62.255855560302734,-335.0829772949219,21.0,-49.0,53.0
2025-07-16T20:39:38.489480,2.8255615234375,0.03759765625,0.620361328125,-21.972654342651367,-38.57421875,-145.32470703125,21.0,-49.0,53.0
2025-07-16T20:39:38.517696,1.06689453125,0.4039306640625,0.49658203125,-12.878417015075684,-83.80126190185547,389.6484069824219,18.0,-46.0,49.0
2025-07-16T20:39:38.547672,-1.866943359375,0.141845703125,1.0035400390625,56.579586029052734,-96.67967987060547,94.60448455810547,18.0,-46.0,49.0
2025-07-16T20:39:38.577759,0.3843994140625,0.40673828125,1.04443359375,50.109859466552734,78.369140625,-323.8525085449219,18.0,-46.0,49.0
2025-07-16T20:39:38.607720,2.30517578125,0.244384765625,1.0535888671875,16.54052734375,28.747556686401367,65.673828125,18.0,-46.0,49.0
2025-07-16T20:39:38.637783,-0.3470458984375,0.3277587890625,0.66259765625,-33.26416015625,21.118162155151367,99.85350799560547,17.0,-45.0,49.0
2025-07-16T20:39:38.667655,0.458984375,0.474609375,0.7012939453125,18.06640625,15.075682640075684,-80.44432830810547,17.0,-45.0,49.0
2025-07-16T20:39:38.697772,0.99169921875,0.2239990234375,0.9827880859375,-4.33349609375,15.075682640075684,29.418943405151367,17.0,-45.0,49.0
2025-07-16T20:39:38.742132,0.3536376953125,0.3118896484375,0.6370849609375,-18.24951171875,18.12744140625,45.776363372802734,17.0,-47.0,47.0
2025-07-16T20:39:38.788299,0.644287109375,0.3502197265625,0.7391357421875,4.2724609375,6.896972179412842,9.82666015625,17.0,-47.0,47.0
2025-07-16T20:39:38.788848,0.7589111328125,0.2996826171875,0.8271484375,-14.770506858825684,18.6767578125,56.091304779052734,17.0,-47.0,47.0
2025-07-16T20:39:38.818327,0.3758544921875,0.4212646484375,0.70166015625,-22.827146530151367,25.390623092651367,23.437498092651367,19.0,-48.0,43.0
2025-07-16T20:39:38.848585,0.7076416015625,0.357177734375,0.7691650390625,-4.150390625,26.672361373901367,18.1884765625,19.0,-48.0,43.0
2025-07-16T20:39:38.878437,0.4854736328125,0.375732421875,0.7357177734375,-9.3994140625,32.5927734375,20.385740280151367,19.0,-48.0,43.0
2025-07-16T20:39:38.908112,0.5032958984375,0.4462890625,0.7757568359375,-18.12744140625,31.005857467651367,-12.329100608825684,19.0,-48.0,43.0
2025-07-16T20:39:38.970930,0.533447265625,0.378662109375,0.7017822265625,-28.137205123901367,25.573728561401367,-2.50244140625,20.0,-51.0,48.0
2025-07-16T20:39:38.971089,0.5999755859375,0.3321533203125,0.6585693359375,-20.874021530151367,21.667478561401367,-2.807616949081421,20.0,-51.0,48.0
2025-07-16T20:39:38.998232,0.6622314453125,0.3624267578125,0.578125,-14.160155296325684,22.094724655151367,-11.169432640075684,20.0,-51.0,48.0
2025-07-16T20:39:39.028059,0.48291015625,0.4034423828125,0.7557373046875,-9.09423828125,20.568845748901367,3.173827886581421,20.0,-54.0,48.0
2025-07-16T20:39:39.058327,0.630859375,0.530517578125,0.69677734375,-18.4326171875,13.122557640075684,-16.9677734375,20.0,-54.0,48.0
2025-07-16T20:39:39.087582,0.7977294921875,0.44482421875,0.6942138671875,-37.17041015625,5.0048828125,-0.1831054538488388,20.0,-54.0,48.0
2025-07-16T20:39:39.117537,0.55078125,0.3363037109375,0.643310546875,-41.625972747802734,18.37158203125,29.052732467651367,23.0,-55.0,42.0
2025-07-16T20:39:39.147563,0.6949462890625,0.3477783203125,0.4898681640625,-28.015134811401367,5.065917491912842,-1.15966796875,23.0,-55.0,42.0
2025-07-16T20:39:39.206999,0.5928955078125,0.3604736328125,0.6331787109375,-15.075682640075684,20.568845748901367,-17.51708984375,23.0,-55.0,42.0
2025-07-16T20:39:39.208832,0.652587890625,0.4564208984375,0.545654296875,-7.568358898162842,20.935056686401367,-19.4091796875,23.0,-55.0,42.0
2025-07-16T20:39:39.237940,0.6903076171875,0.4765625,0.634521484375,-1.4038084745407104,12.573241233825684,-13.488768577575684,24.0,-56.0,43.0
2025-07-16T20:39:39.268034,0.8563232421875,0.3740234375,0.5472412109375,0.4272460639476776,17.63916015625,-5.798339366912842,24.0,-56.0,43.0
2025-07-16T20:39:39.297699,0.544189453125,0.3284912109375,0.5701904296875,19.287109375,25.329587936401367,14.709471702575684,24.0,-56.0,43.0
2025-07-16T20:39:39.341799,0.57177734375,0.5657958984375,0.60498046875,12.390135765075684,8.544921875,-10.559081077575684,23.0,-57.0,44.0
2025-07-16T20:39:39.418519,0.763916015625,0.573974609375,0.626708984375,-11.962889671325684,-0.3662109076976776,-3.173827886581421,23.0,-57.0,44.0
2025-07-16T20:39:39.418694,0.627685546875,0.2716064453125,0.538330078125,-15.991209983825684,9.46044921875,2.685546636581421,23.0,-57.0,44.0
2025-07-16T20:39:39.433084,0.6387939453125,0.398193359375,0.4876708984375,0.1831054538488388,5.432128429412842,-16.4794921875,22.0,-56.0,42.0
2025-07-16T20:39:39.493347,0.7586669921875,0.5267333984375,0.6197509765625,0.6713866591453552,-0.9765624403953552,-25.817869186401367,22.0,-56.0,42.0
2025-07-16T20:39:39.495539,0.7481689453125,0.3917236328125,0.609375,-7.568358898162842,4.39453125,5.798339366912842,22.0,-56.0,42.0
2025-07-16T20:39:39.537120,0.667236328125,0.4171142578125,0.506591796875,-3.967284917831421,1.5869139432907104,-9.94873046875,23.0,-57.0,41.0
2025-07-16T20:39:39.585192,0.774169921875,0.390625,0.5362548828125,2.990722417831421,-6.164550304412842,-13.854979515075684,23.0,-57.0,41.0
2025-07-16T20:39:39.585485,0.6751708984375,0.4248046875,0.5919189453125,-3.906249761581421,2.624511480331421,1.4648436307907104,23.0,-57.0,41.0
2025-07-16T20:39:39.628372,0.7689208984375,0.4390869140625,0.54541015625,11.718749046325684,-6.408690929412842,-5.798339366912842,23.0,-57.0,41.0
2025-07-16T20:39:39.673344,0.6109619140625,0.4725341796875,0.616943359375,-14.587401390075684,-1.220703125,-1.7700194120407104,22.0,-59.0,39.0
2025-07-16T20:39:39.673679,0.78857421875,0.40771484375,0.5228271484375,3.051757574081421,-5.126952648162842,-4.5166015625,22.0,-59.0,39.0
2025-07-16T20:39:39.703726,0.7186279296875,0.402587890625,0.6019287109375,-4.39453125,-1.5258787870407104,8.544921875,22.0,-59.0,39.0
2025-07-16T20:39:39.733952,0.6920166015625,0.3865966796875,0.51806640625,0.2441406100988388,4.5166015625,-2.990722417831421,20.0,-58.0,41.0
2025-07-16T20:39:39.778748,0.706298828125,0.5579833984375,0.647705078125,-2.44140625,4.08935546875,4.08935546875,20.0,-58.0,41.0
2025-07-16T20:39:39.782699,0.759765625,0.5665283203125,0.651611328125,-26.672361373901367,-5.0048828125,12.084959983825684,20.0,-58.0,41.0
2025-07-16T20:39:39.839527,0.689453125,0.3631591796875,0.533447265625,-39.85595703125,-13.732909202575684,25.634763717651367,20.0,-58.0,41.0
2025-07-16T20:39:39.839865,0.6121826171875,0.465087890625,0.543701171875,-21.667478561401367,-12.817381858825684,-8.6669921875,25.0,-56.0,42.0
2025-07-16T20:39:39.868580,0.8265380859375,0.606201171875,0.6981201171875,-33.935546875,-22.583005905151367,0.1831054538488388,25.0,-56.0,42.0
2025-07-16T20:39:39.899567,0.62646484375,0.436279296875,0.5301513671875,-83.61815643310547,-18.49365234375,21.911619186401367,25.0,-56.0,42.0
2025-07-16T20:39:39.929179,-0.009521484375,0.2646484375,0.5826416015625,-111.20604705810547,-21.911619186401367,-62.194820404052734,30.0,-55.0,43.0
2025-07-16T20:39:39.989739,0.8057861328125,0.8468017578125,0.552978515625,-156.005859375,-46.691890716552734,-56.823726654052734,30.0,-55.0,43.0
2025-07-16T20:39:39.989885,1.503662109375,1.6331787109375,0.6065673828125,-167.96873474121094,-83.67919158935547,93.44481658935547,30.0,-55.0,43.0
2025-07-16T20:39:40.019319,0.7994384765625,1.676513671875,0.7088623046875,-102.05077362060547,-75.86669921875,96.31346893310547,39.0,-51.0,40.0
2025-07-16T20:39:40.048308,1.0489501953125,2.2215576171875,1.0006103515625,64.8193359375,-110.04637908935547,15.930174827575684,39.0,-51.0,40.0
2025-07-16T20:39:40.094755,1.10205078125,2.1910400390625,1.6309814453125,163.14695739746094,-143.73779296875,1.4038084745407104,39.0,-51.0,40.0
2025-07-16T20:39:40.138014,0.9388427734375,1.3834228515625,1.424560546875,152.64892578125,-141.17431640625,78.55224609375,39.0,-51.0,40.0
2025-07-16T20:39:40.138355,1.0731201171875,0.83740234375,1.146484375,157.2265625,-200.86668395996094,144.71435546875,31.0,-38.0,52.0
2025-07-16T20:39:40.168847,0.8543701171875,0.512939453125,1.010498046875,130.43212890625,-194.03074645996094,192.26072692871094,31.0,-38.0,52.0
2025-07-16T20:39:40.198198,0.588134765625,0.23828125,0.8499755859375,132.080078125,-180.11473083496094,178.28367614746094,31.0,-38.0,52.0
2025-07-16T20:39:40.243867,0.54443359375,0.0120849609375,0.7001953125,93.62792205810547,-147.52197265625,246.82615661621094,19.0,-10.0,59.0
2025-07-16T20:39:40.274232,0.34033203125,-0.2958984375,0.4539794921875,73.54736328125,-132.9345703125,306.884765625,19.0,-10.0,59.0
2025-07-16T20:39:40.302797,0.3028564453125,0.0823974609375,0.285888671875,11.901854515075684,-61.096187591552734,268.310546875,19.0,-10.0,59.0
2025-07-16T20:39:40.348132,0.2115478515625,-0.172119140625,-0.07275390625,22.949216842651367,-32.16552734375,217.22410583496094,5.0,-4.0,53.0
2025-07-16T20:39:40.350183,0.103515625,-0.3404541015625,0.1695556640625,54.565425872802734,-22.277830123901367,131.8359375,5.0,-4.0,53.0
2025-07-16T20:39:40.393217,0.3277587890625,-0.472900390625,0.4560546875,-32.8369140625,-96.61864471435547,249.08445739746094,5.0,-4.0,53.0
2025-07-16T20:39:40.422324,-0.066650390625,-0.0838623046875,0.365966796875,-125.54930877685547,-167.29734802246094,297.8515625,5.0,-4.0,53.0
2025-07-16T20:39:40.454024,0.076416015625,0.1185302734375,0.3289794921875,-107.29979705810547,-146.97265625,170.10496520996094,2.0,3.0,47.0
2025-07-16T20:39:40.483125,0.161376953125,0.04248046875,0.390380859375,-97.29003143310547,-148.01025390625,164.24559020996094,2.0,3.0,47.0
2025-07-16T20:39:40.513254,-0.39208984375,-0.36279296875,0.4664306640625,-77.94189453125,-134.09423828125,240.23435974121094,2.0,3.0,47.0
2025-07-16T20:39:40.543022,-1.4578857421875,-0.5809326171875,0.416748046875,-152.7099609375,-82.15331268310547,302.8564453125,-2.0,4.0,48.0
2025-07-16T20:39:40.573299,-0.7427978515625,0.1253662109375,0.1905517578125,-74.70703125,-22.888181686401367,54.260250091552734,-2.0,4.0,48.0
2025-07-16T20:39:40.604245,-0.3570556640625,0.3426513671875,0.155517578125,-38.87939453125,-51.269527435302734,-2.685546636581421,-2.0,4.0,48.0
2025-07-16T20:39:40.633655,-1.130126953125,0.3369140625,0.20068359375,20.080564498901367,-35.09521484375,79.77294921875,-4.0,0.0,43.0
2025-07-16T20:39:40.663505,-1.15380859375,-0.353515625,0.4383544921875,39.4287109375,-6.042479991912842,-36.43798828125,-4.0,0.0,43.0
2025-07-16T20:39:40.694526,-0.464599609375,-0.2713623046875,0.270263671875,33.63037109375,2.807616949081421,-45.837398529052734,-4.0,0.0,43.0
2025-07-16T20:39:40.752904,-0.4388427734375,0.013671875,0.3404541015625,0.1220703050494194,-22.644041061401367,-23.437498092651367,-4.0,0.0,43.0
2025-07-16T20:39:40.753621,-1.2789306640625,0.41943359375,1.1298828125,101.19628143310547,-30.578611373901367,-0.1220703050494194,-4.0,6.0,44.0
2025-07-16T20:39:40.783368,-0.607666015625,-0.0045166015625,0.3507080078125,-28.991697311401367,38.9404296875,-45.349117279052734,-4.0,6.0,44.0
2025-07-16T20:39:40.814167,-0.6173095703125,0.0631103515625,0.374755859375,59.997554779052734,-17.39501953125,-1.2817381620407104,-4.0,6.0,44.0
2025-07-16T20:39:40.843647,-0.9122314453125,0.0689697265625,0.6790771484375,23.010251998901367,4.57763671875,-14.587401390075684,-5.0,5.0,43.0
2025-07-16T20:39:40.872655,-0.686767578125,0.0654296875,0.6463623046875,24.902341842651367,5.432128429412842,-9.21630859375,-5.0,5.0,43.0
2025-07-16T20:39:40.904142,-0.8509521484375,-0.0147705078125,0.5928955078125,-10.192870140075684,4.94384765625,16.17431640625,-5.0,5.0,43.0
2025-07-16T20:39:40.933286,-0.8543701171875,0.0850830078125,0.5057373046875,-2.746581792831421,3.540038824081421,0.1831054538488388,-6.0,4.0,43.0
2025-07-16T20:39:40.963943,-0.7088623046875,0.0401611328125,0.632568359375,3.723144292831421,-1.0986328125,-4.5166015625,-6.0,4.0,43.0
2025-07-16T20:39:40.992364,-0.7666015625,-0.0465087890625,0.6573486328125,-19.71435546875,-6.164550304412842,0.0,-6.0,4.0,43.0
2025-07-16T20:39:41.023319,-0.94140625,0.02099609375,0.5166015625,-41.381832122802734,6.042479991912842,2.3193359375,-6.0,4.0,43.0
2025-07-16T20:39:41.054102,-0.56884765625,0.214599609375,0.47265625,11.474608421325684,28.625486373901367,-26.611326217651367,-4.0,5.0,44.0
2025-07-16T20:39:41.083649,-0.9755859375,-0.15625,0.6546630859375,-24.475095748901367,11.901854515075684,22.155759811401367,-4.0,5.0,44.0
2025-07-16T20:39:41.113311,-0.8160400390625,0.1351318359375,0.4530029296875,-12.390135765075684,16.7236328125,-14.282225608825684,-4.0,5.0,44.0
2025-07-16T20:39:41.141820,-0.7401123046875,-0.0181884765625,0.64697265625,-15.258788108825684,5.676269054412842,-3.662109136581421,-3.0,6.0,45.0
2025-07-16T20:39:41.188626,-0.73876953125,0.1536865234375,0.5472412109375,-12.939452171325684,3.417968511581421,-6.958007335662842,-3.0,6.0,45.0
2025-07-16T20:39:41.188849,-0.856689453125,-0.056884765625,0.6190185546875,-21.789548873901367,8.30078125,11.413573265075684,-3.0,6.0,45.0
2025-07-16T20:39:41.218169,-0.792724609375,0.0970458984375,0.5001220703125,4.45556640625,13.366698265075684,-21.240232467651367,-2.0,3.0,45.0
2025-07-16T20:39:41.248538,-0.7471923828125,0.0968017578125,0.653564453125,-17.15087890625,19.59228515625,-2.563476324081421,-2.0,3.0,45.0
2025-07-16T20:39:41.277898,-0.814208984375,0.026123046875,0.5191650390625,-0.30517578125,20.01953125,-13.793944358825684,-2.0,3.0,45.0
2025-07-16T20:39:41.309604,-0.7872314453125,-0.00732421875,0.6263427734375,-6.469726085662842,25.451658248901367,-26.855466842651367,-2.0,3.0,45.0
2025-07-16T20:39:41.371750,-0.75390625,0.18115234375,0.69287109375,-6.469726085662842,28.625486373901367,-60.363765716552734,0.0,3.0,43.0
2025-07-16T20:39:41.372374,-0.523681640625,0.15283203125,0.6612548828125,-21.789548873901367,52.795406341552734,-77.7587890625,0.0,3.0,43.0
2025-07-16T20:39:41.414014,-0.7626953125,0.206787109375,0.712646484375,-14.892577171325684,61.828609466552734,-51.147457122802734,0.0,3.0,43.0
2025-07-16T20:39:41.474168,-0.642822265625,0.2177734375,0.6746826171875,-16.54052734375,70.3125,-75.3173828125,5.0,0.0,52.0
2025-07-16T20:39:41.474508,-0.819580078125,0.2442626953125,0.6815185546875,-22.644041061401367,41.625972747802734,-45.166011810302734,5.0,0.0,52.0
2025-07-16T20:39:41.503478,-0.7059326171875,0.2730712890625,0.53955078125,-36.7431640625,32.8369140625,-41.381832122802734,5.0,0.0,52.0
2025-07-16T20:39:41.532638,-0.5283203125,0.4403076171875,0.8277587890625,-12.512206077575684,14.831542015075684,-41.748043060302734,10.0,-2.0,51.0
2025-07-16T20:39:41.577072,-0.52734375,0.1962890625,0.8643798828125,-46.752925872802734,21.057126998901367,-28.747556686401367,10.0,-2.0,51.0
2025-07-16T20:39:41.578756,-0.622314453125,0.3377685546875,0.63818359375,-63.354488372802734,27.648923873901367,-20.141599655151367,10.0,-2.0,51.0
2025-07-16T20:39:41.624103,-0.6781005859375,0.4356689453125,0.6300048828125,-38.26904296875,14.343260765075684,-36.31591796875,10.0,-2.0,51.0
2025-07-16T20:39:41.654020,-0.452880859375,0.4693603515625,0.819091796875,-30.700681686401367,19.47021484375,-35.94970703125,15.0,-2.0,58.0
2025-07-16T20:39:41.684338,-0.52734375,0.337890625,0.7164306640625,-56.640621185302734,4.5166015625,5.249022960662842,15.0,-2.0,58.0
2025-07-16T20:39:41.712245,-0.5877685546875,0.3125,0.5123291015625,-42.602535247802734,2.13623046875,-7.507323741912842,15.0,-2.0,58.0
2025-07-16T20:39:41.757889,-0.4569091796875,0.5574951171875,0.6781005859375,-22.338865280151367,11.352538108825684,-22.216794967651367,14.0,-4.0,53.0
2025-07-16T20:39:41.758197,-0.43359375,0.557861328125,0.783935546875,-23.742673873901367,5.859374523162842,-12.817381858825684,14.0,-4.0,53.0
2025-07-16T20:39:41.788109,-0.5892333984375,0.4271240234375,0.7939453125,-41.076656341552734,10.498045921325684,-8.30078125,14.0,-4.0,53.0
2025-07-16T20:39:41.818924,-0.625244140625,0.54296875,0.5875244140625,-54.138179779052734,1.2817381620407104,8.1787109375,20.0,-6.0,48.0
2025-07-16T20:39:41.847934,-0.5902099609375,0.4205322265625,0.670654296875,-29.907224655151367,-1.5869139432907104,-20.446775436401367,20.0,-6.0,48.0
2025-07-16T20:39:41.937981,-0.38720703125,0.4774169921875,0.644775390625,-41.198726654052734,-2.3193359375,-6.164550304412842,20.0,-6.0,48.0
2025-07-16T20:39:41.940914,-0.4609375,0.5562744140625,0.658935546875,-26.000974655151367,-0.7934569716453552,-3.112792730331421,20.0,-6.0,48.0
2025-07-16T20:39:41.983004,-0.5078125,0.429443359375,0.61279296875,-23.193357467651367,7.507323741912842,-11.962889671325684,23.0,-6.0,50.0
2025-07-16T20:39:41.983102,-0.486083984375,0.5128173828125,0.615234375,-24.902341842651367,5.615233898162842,2.3193359375,23.0,-6.0,50.0
2025-07-16T20:39:42.013389,-0.6107177734375,0.5853271484375,0.6129150390625,-13.916014671325684,5.859374523162842,-6.103515148162842,23.0,-6.0,50.0
2025-07-16T20:39:42.042841,-0.4451904296875,0.5521240234375,0.622314453125,-6.469726085662842,13.732909202575684,-22.216794967651367,24.0,-1.0,54.0
2025-07-16T20:39:42.072167,-0.4425048828125,0.5150146484375,0.6142578125,-4.8828125,8.30078125,-4.33349609375,24.0,-1.0,54.0
2025-07-16T20:39:42.102329,-0.5118408203125,0.584716796875,0.6026611328125,3.845214605331421,11.169432640075684,-13.305663108825684,24.0,-1.0,54.0
2025-07-16T20:39:42.134112,-0.533203125,0.387939453125,0.6292724609375,11.596678733825684,11.413573265075684,-27.465818405151367,24.0,-1.0,54.0
2025-07-16T20:39:42.163090,-0.52197265625,0.3759765625,0.6834716796875,8.72802734375,15.380858421325684,-43.090816497802734,24.0,-8.0,54.0
2025-07-16T20:39:42.194146,-0.396728515625,0.8037109375,0.4814453125,-7.995604991912842,-2.25830078125,22.338865280151367,24.0,-8.0,54.0
2025-07-16T20:39:42.223335,-0.721923828125,0.5411376953125,0.588134765625,25.695798873901367,-2.197265625,-9.1552734375,24.0,-8.0,54.0
2025-07-16T20:39:42.253915,-0.427001953125,0.59326171875,0.7178955078125,3.662109136581421,-1.4038084745407104,-11.474608421325684,25.0,-9.0,53.0
2025-07-16T20:39:42.283917,-0.36083984375,0.6251220703125,0.6392822265625,-4.39453125,-3.051757574081421,12.268065452575684,25.0,-9.0,53.0
2025-07-16T20:39:42.313970,-0.4964599609375,0.5941162109375,0.635986328125,3.479003667831421,4.2724609375,0.0610351525247097,25.0,-9.0,53.0
2025-07-16T20:39:42.343195,-0.413330078125,0.519775390625,0.6932373046875,7.507323741912842,8.60595703125,-23.254392623901367,27.0,-4.0,53.0
2025-07-16T20:39:42.403697,-0.4425048828125,0.5223388671875,0.6192626953125,-5.676269054412842,-4.69970703125,9.58251953125,27.0,-4.0,53.0
2025-07-16T20:39:42.406395,-0.6634521484375,0.5013427734375,0.5184326171875,6.713866710662842,-11.352538108825684,-1.3427733182907104,27.0,-4.0,53.0
2025-07-16T20:39:42.433027,-0.4471435546875,0.630126953125,0.614990234375,19.8974609375,-8.11767578125,-15.930174827575684,27.0,-4.0,53.0
2025-07-16T20:39:42.462881,-0.32958984375,0.585205078125,0.757568359375,15.075682640075684,-7.202147960662842,-6.591796398162842,24.0,-8.0,48.0
2025-07-16T20:39:42.492016,-0.3509521484375,0.662841796875,0.71826171875,0.7324218153953552,-1.8310545682907104,2.868652105331421,24.0,-8.0,48.0
2025-07-16T20:39:42.522718,-0.561279296875,0.5235595703125,0.5985107421875,3.356933355331421,-4.69970703125,4.0283203125,24.0,-8.0,48.0
2025-07-16T20:39:42.552683,-0.5863037109375,0.5133056640625,0.5340576171875,7.141112804412842,-7.690429210662842,-1.8310545682907104,24.0,-7.0,54.0
2025-07-16T20:39:42.582632,-0.4881591796875,0.5333251953125,0.67919921875,13.549803733825684,-10.498045921325684,-8.7890625,24.0,-7.0,54.0
2025-07-16T20:39:42.612595,-0.380126953125,0.6427001953125,0.696044921875,-1.0986328125,-14.587401390075684,5.554198741912842,24.0,-7.0,54.0
2025-07-16T20:39:42.672856,-0.453857421875,0.5704345703125,0.62109375,9.46044921875,-10.070799827575684,2.868652105331421,21.0,-6.0,53.0
2025-07-16T20:39:42.673843,-0.3861083984375,0.5565185546875,0.5699462890625,22.827146530151367,-5.371093273162842,2.50244140625,21.0,-6.0,53.0
2025-07-16T20:39:42.710288,-0.4322509765625,0.5712890625,0.682861328125,34.24072265625,-3.173827886581421,0.9765624403953552,21.0,-6.0,53.0
2025-07-16T20:39:42.738382,-0.5400390625,0.6492919921875,0.725830078125,26.550291061401367,-2.746581792831421,6.958007335662842,21.0,-6.0,53.0
2025-07-16T20:39:42.762972,-0.550537109375,0.6934814453125,0.64599609375,33.26416015625,-5.249022960662842,2.0751953125,21.0,-3.0,55.0
2025-07-16T20:39:42.799999,-0.5205078125,0.43505859375,0.6976318359375,26.489255905151367,-16.54052734375,13.549803733825684,21.0,-3.0,55.0
2025-07-16T20:39:42.823446,-0.62890625,0.50244140625,0.5367431640625,5.0048828125,-41.015621185302734,44.128414154052734,21.0,-3.0,55.0
2025-07-16T20:39:42.853785,-0.557373046875,0.4573974609375,0.6522216796875,24.475095748901367,-63.049312591552734,21.057126998901367,17.0,-4.0,50.0
2025-07-16T20:39:42.882012,-0.459228515625,0.3748779296875,0.7486572265625,-2.38037109375,-73.79150390625,44.677730560302734,17.0,-4.0,50.0
2025-07-16T20:39:42.928422,-0.725341796875,0.7255859375,0.7247314453125,-16.54052734375,-61.401363372802734,30.395505905151367,17.0,-4.0,50.0
2025-07-16T20:39:42.928520,-0.6864013671875,0.4371337890625,0.6087646484375,-7.690429210662842,-53.344722747802734,-11.413573265075684,19.0,6.0,46.0
2025-07-16T20:39:42.958826,-0.618408203125,0.3533935546875,0.5352783203125,-21.484373092651367,-53.405757904052734,-0.7934569716453552,19.0,6.0,46.0
2025-07-16T20:39:42.988019,-0.862060546875,0.5472412109375,0.578369140625,-21.118162155151367,-55.419918060302734,-15.991209983825684,19.0,6.0,46.0
2025-07-16T20:39:43.018791,-0.747802734375,0.45263671875,0.5718994140625,-21.545408248901367,-54.626461029052734,-47.302242279052734,22.0,5.0,48.0
2025-07-16T20:39:43.047956,-0.7637939453125,0.50341796875,0.5123291015625,-40.954586029052734,-68.2373046875,-31.982419967651367,22.0,5.0,48.0
2025-07-16T20:39:43.107982,-0.760009765625,0.5555419921875,0.3974609375,-54.870601654052734,-79.345703125,-36.7431640625,22.0,5.0,48.0
2025-07-16T20:39:43.109761,-0.6868896484375,0.6265869140625,0.49951171875,-40.954586029052734,-71.6552734375,-45.837398529052734,22.0,5.0,48.0
2025-07-16T20:39:43.138402,-0.432373046875,0.558349609375,0.4053955078125,-50.231929779052734,-48.400875091552734,-58.471675872802734,28.0,13.0,41.0
2025-07-16T20:39:43.183067,-0.4010009765625,0.586181640625,0.306396484375,-31.433103561401367,-36.376953125,-30.822751998901367,28.0,13.0,41.0
2025-07-16T20:39:43.211801,-0.710693359375,0.5712890625,0.287109375,-24.597166061401367,-15.563963890075684,-36.07177734375,28.0,13.0,41.0
2025-07-16T20:39:43.258535,-0.559326171875,0.6629638671875,0.2423095703125,-18.98193359375,-1.8920897245407104,-57.800289154052734,30.0,9.0,37.0
2025-07-16T20:39:43.258633,-0.5435791015625,0.67431640625,0.343505859375,-22.521970748901367,-0.7934569716453552,-31.494138717651367,30.0,9.0,37.0
2025-07-16T20:39:43.318126,-0.70703125,0.7637939453125,0.3463134765625,-30.029294967651367,-2.38037109375,-35.15625,30.0,9.0,37.0
2025-07-16T20:39:43.361726,-0.61083984375,0.7962646484375,0.4158935546875,-31.188962936401367,-9.27734375,-42.602535247802734,37.0,11.0,34.0
2025-07-16T20:39:43.362669,-0.7203369140625,0.6571044921875,0.181884765625,-65.3076171875,-29.052732467651367,12.817381858825684,37.0,11.0,34.0
2025-07-16T20:39:43.407091,-0.9676513671875,0.81201171875,-0.0360107421875,-50.231929779052734,-40.161128997802734,-26.367185592651367,37.0,11.0,34.0
2025-07-16T20:39:43.439185,-0.3675537109375,0.640380859375,0.335205078125,-27.648923873901367,-49.560543060302734,-64.51416015625,37.0,11.0,34.0
2025-07-16T20:39:43.468049,-0.496337890625,0.8228759765625,0.2841796875,-56.701656341552734,-53.405757904052734,-33.50830078125,39.0,11.0,31.0
2025-07-16T20:39:43.498016,-0.703857421875,1.0128173828125,0.0166015625,-45.837398529052734,-55.603023529052734,-56.457515716552734,39.0,11.0,31.0
2025-07-16T20:39:43.528916,-0.76513671875,1.064208984375,0.0699462890625,-28.137205123901367,-53.771968841552734,-82.27538299560547,39.0,11.0,31.0
2025-07-16T20:39:43.558203,-0.8453369140625,1.138671875,-0.056396484375,-28.503416061401367,-54.260250091552734,-105.71288299560547,43.0,9.0,29.0
2025-07-16T20:39:43.601941,-0.936767578125,1.92431640625,-0.1343994140625,23.498533248901367,-30.212400436401367,-173.88914489746094,43.0,9.0,29.0
2025-07-16T20:39:43.603274,-0.5809326171875,3.278076171875,-0.156494140625,74.64599609375,-16.6015625,-232.60496520996094,43.0,9.0,29.0
2025-07-16T20:39:43.647868,0.2332763671875,2.6986083984375,-0.44287109375,244.75096130371094,-131.16455078125,-375.0610046386719,53.0,0.0,29.0
2025-07-16T20:39:43.677935,1.105712890625,1.3116455078125,-0.273681640625,360.2904968261719,-323.6694030761719,-108.09325408935547,53.0,0.0,29.0
2025-07-16T20:39:43.724156,0.1146240234375,0.3310546875,-0.023193359375,305.48095703125,-299.31640625,387.9394226074219,53.0,0.0,29.0
2025-07-16T20:39:43.724241,-0.8878173828125,-0.703369140625,-0.3028564453125,248.22996520996094,-269.1650390625,581.1767578125,53.0,0.0,29.0
2025-07-16T20:39:43.768702,-1.197509765625,-0.9522705078125,-0.1214599609375,187.80516052246094,-152.52685546875,507.9345397949219,10.0,19.0,28.0
2025-07-16T20:39:43.798810,-0.9984130859375,-0.4512939453125,0.8291015625,130.18798828125,-49.011226654052734,103.39354705810547,10.0,19.0,28.0
2025-07-16T20:39:43.828227,-0.085693359375,-0.36962890625,0.5172119140625,-24.536130905151367,-40.954586029052734,2.50244140625,10.0,19.0,28.0
2025-07-16T20:39:43.858092,0.027099609375,-0.2769775390625,0.1370849609375,-59.936519622802734,-14.831542015075684,134.82666015625,0.0,17.0,18.0
2025-07-16T20:39:43.888897,-1.0025634765625,0.0150146484375,0.2159423828125,-70.1904296875,27.160642623901367,145.5078125,0.0,17.0,18.0
2025-07-16T20:39:43.918952,-1.04345703125,-0.063720703125,0.0860595703125,-94.29930877685547,117.91991424560547,-57.739253997802734,0.0,17.0,18.0
2025-07-16T20:39:43.947990,-0.56640625,-0.238525390625,-0.0906982421875,-102.29491424560547,106.75048065185547,-62.988277435302734,1.0,13.0,26.0
2025-07-16T20:39:43.978801,-0.556884765625,0.056640625,0.1429443359375,-82.21434783935547,120.91063690185547,-32.1044921875,1.0,13.0,26.0
2025-07-16T20:39:44.008916,-0.9962158203125,0.93408203125,0.1922607421875,-90.33202362060547,152.4658203125,-435.7909851074219,1.0,13.0,26.0
2025-07-16T20:39:44.051854,0.027099609375,0.74609375,0.181884765625,-43.334957122802734,45.471187591552734,-636.3525390625,1.0,13.0,26.0
2025-07-16T20:39:44.053468,1.153564453125,0.2406005859375,0.74365234375,128.11279296875,30.151365280151367,63.598628997802734,21.0,14.0,34.0
2025-07-16T20:39:44.157499,-0.917236328125,-0.0728759765625,1.2091064453125,-16.90673828125,42.480464935302734,207.58055114746094,21.0,14.0,34.0
2025-07-16T20:39:44.160273,-1.5042724609375,0.7562255859375,0.3770751953125,-110.16844940185547,92.65135955810547,-147.4609375,21.0,14.0,34.0
2025-07-16T20:39:44.188778,0.183837890625,0.7779541015625,0.1170654296875,79.89501953125,32.5927734375,-97.59520721435547,19.0,8.0,38.0
2025-07-16T20:39:44.188871,-0.4296875,0.5501708984375,0.8255615234375,92.83446502685547,39.48974609375,67.68798828125,19.0,8.0,38.0
2025-07-16T20:39:44.219750,-0.8018798828125,0.5421142578125,1.109375,8.48388671875,24.963376998901367,-24.719236373901367,19.0,8.0,38.0
2025-07-16T20:39:44.248727,-0.4295654296875,0.575439453125,0.5074462890625,-25.939939498901367,37.90283203125,-53.100582122802734,18.0,6.0,40.0
2025-07-16T20:39:44.308640,-0.18994140625,0.773193359375,0.583984375,38.0859375,26.916501998901367,-31.188962936401367,18.0,6.0,40.0
2025-07-16T20:39:44.308734,-0.397216796875,0.56201171875,0.8707275390625,7.995604991912842,15.502928733825684,11.718749046325684,18.0,6.0,40.0
2025-07-16T20:39:44.337412,-0.4730224609375,0.5626220703125,0.7445068359375,-27.526853561401367,24.658201217651367,6.713866710662842,18.0,6.0,40.0
2025-07-16T20:39:44.367607,-0.3985595703125,0.5421142578125,0.5653076171875,-6.896972179412842,13.916014671325684,-4.94384765625,18.0,5.0,38.0
2025-07-16T20:39:44.397597,-0.3551025390625,0.56396484375,0.6588134765625,25.024412155151367,7.324218273162842,-17.333984375,18.0,5.0,38.0
2025-07-16T20:39:44.427533,-0.239990234375,0.4796142578125,0.705322265625,29.357908248901367,24.719236373901367,-15.686034202575684,18.0,5.0,38.0
2025-07-16T20:39:44.457754,-0.19873046875,0.6182861328125,0.8421630859375,32.3486328125,30.517576217651367,12.817381858825684,21.0,4.0,39.0
2025-07-16T20:39:44.487573,-0.2752685546875,0.64892578125,0.851318359375,6.469726085662842,10.803221702575684,32.65380859375,21.0,4.0,39.0
2025-07-16T20:39:44.517604,-0.11572265625,0.708740234375,0.7520751953125,25.085447311401367,24.291990280151367,37.29248046875,21.0,4.0,39.0
2025-07-16T20:39:44.547591,-0.6824951171875,0.37548828125,0.850830078125,-28.076169967651367,24.780271530151367,99.48729705810547,18.0,4.0,43.0
2025-07-16T20:39:44.591916,-0.3271484375,0.7095947265625,0.6077880859375,-1.5869139432907104,29.968259811401367,-31.677244186401367,18.0,4.0,43.0
2025-07-16T20:39:44.594550,0.0103759765625,0.5552978515625,0.94091796875,-2.746581792831421,32.71484375,6.713866710662842,18.0,4.0,43.0
2025-07-16T20:39:44.639688,-0.388916015625,0.39453125,0.7469482421875,-58.349605560302734,37.17041015625,76.416015625,18.0,4.0,43.0
2025-07-16T20:39:44.668316,-0.5247802734375,0.4110107421875,0.56787109375,-7.934569835662842,18.9208984375,15.991209983825684,18.0,-1.0,45.0
2025-07-16T20:39:44.699073,-0.32421875,0.558349609375,0.754150390625,5.493163585662842,19.8974609375,-3.417968511581421,18.0,-1.0,45.0
2025-07-16T20:39:44.729143,-0.2352294921875,0.6737060546875,0.9005126953125,-9.521484375,-0.2441406100988388,39.61181640625,18.0,-1.0,45.0
2025-07-16T20:39:44.758317,-0.298095703125,0.4615478515625,0.781494140625,-23.132322311401367,-3.906249761581421,27.893064498901367,16.0,-2.0,45.0
2025-07-16T20:39:44.788083,-0.4378662109375,0.519775390625,0.7706298828125,-42.236324310302734,0.9155272841453552,23.010251998901367,16.0,-2.0,45.0
2025-07-16T20:39:44.834907,-0.331298828125,0.5745849609375,0.656982421875,-28.564451217651367,0.2441406100988388,6.774901866912842,16.0,-2.0,45.0
2025-07-16T20:39:44.835272,-0.267578125,0.4356689453125,0.676025390625,-12.390135765075684,6.591796398162842,-0.2441406100988388,15.0,0.0,51.0
2025-07-16T20:39:44.880009,-0.37451171875,0.492431640625,0.6640625,-4.638671875,14.099120140075684,-3.051757574081421,15.0,0.0,51.0
2025-07-16T20:39:44.908419,-0.3489990234375,0.546630859375,0.6875,31.311033248901367,13.610838890075684,-35.46142578125,15.0,0.0,51.0
2025-07-16T20:39:44.951624,-0.19775390625,0.510498046875,0.85302734375,32.65380859375,-9.70458984375,-53.771968841552734,15.0,0.0,51.0
2025-07-16T20:39:44.954250,-0.0791015625,0.6402587890625,0.7073974609375,24.780271530151367,18.12744140625,-104.73632049560547,17.0,0.0,46.0
2025-07-16T20:39:45.000531,-0.0687255859375,0.5791015625,0.7293701171875,54.626461029052734,11.657713890075684,-65.12451171875,17.0,0.0,46.0
2025-07-16T20:39:45.000876,-0.7630615234375,0.482421875,0.81689453125,31.982419967651367,14.953612327575684,-8.4228515625,17.0,0.0,46.0
2025-07-16T20:39:45.043293,-0.0902099609375,0.67919921875,0.7203369140625,36.31591796875,35.33935546875,-79.1015625,17.0,0.0,48.0
2025-07-16T20:39:45.088632,-0.263671875,0.63720703125,0.996337890625,-10.437010765075684,15.258788108825684,-14.587401390075684,17.0,0.0,48.0
2025-07-16T20:39:45.118640,-0.0587158203125,0.7196044921875,0.799560546875,-33.69140625,21.972654342651367,-5.859374523162842,17.0,0.0,48.0
2025-07-16T20:39:45.148230,-0.227783203125,0.5579833984375,0.78857421875,-30.334470748901367,30.822751998901367,-2.807616949081421,20.0,-9.0,47.0
2025-07-16T20:39:45.179067,-0.1517333984375,0.562744140625,0.7796630859375,-22.644041061401367,29.418943405151367,-14.526366233825684,20.0,-9.0,47.0
2025-07-16T20:39:45.208000,-0.0755615234375,0.5845947265625,0.77392578125,-18.4326171875,22.094724655151367,-5.615233898162842,20.0,-9.0,47.0
2025-07-16T20:39:45.237706,0.1201171875,0.56298828125,0.8673095703125,-8.4228515625,17.63916015625,-23.376462936401367,20.0,-9.0,47.0
2025-07-16T20:39:45.267983,-0.0919189453125,0.6053466796875,0.9384765625,-66.58935546875,27.832029342651367,30.578611373901367,23.0,-3.0,49.0
2025-07-16T20:39:45.298152,-0.28759765625,0.677001953125,0.663330078125,-76.7822265625,10.375975608825684,-52.001949310302734,23.0,-3.0,49.0
2025-07-16T20:39:45.342046,0.110595703125,0.63818359375,0.646484375,-41.015621185302734,21.240232467651367,-51.757808685302734,23.0,-3.0,49.0
2025-07-16T20:39:45.344272,0.1500244140625,0.5457763671875,0.7725830078125,-32.2265625,35.15625,22.338865280151367,27.0,-9.0,45.0
2025-07-16T20:39:45.387728,-0.38818359375,0.753173828125,0.6044921875,-31.372068405151367,40.527339935302734,-26.977537155151367,27.0,-9.0,45.0
2025-07-16T20:39:45.419105,0.1890869140625,0.7628173828125,0.72607421875,-11.047362327575684,51.391597747802734,-58.959957122802734,27.0,-9.0,45.0
2025-07-16T20:39:45.462945,0.0816650390625,0.64990234375,0.8017578125,-35.70556640625,44.738765716552734,18.310546875,30.0,-11.0,55.0
2025-07-16T20:39:45.464992,-0.1629638671875,0.8836669921875,0.5367431640625,-57.250972747802734,53.894039154052734,17.88330078125,30.0,-11.0,55.0
2025-07-16T20:39:45.507800,0.2247314453125,0.775390625,0.6448974609375,2.50244140625,55.541988372802734,-17.15087890625,30.0,-11.0,55.0
2025-07-16T20:39:45.537853,-0.250732421875,0.728759765625,0.6456298828125,-46.936031341552734,43.701168060302734,51.574703216552734,30.0,-11.0,55.0
2025-07-16T20:39:45.568221,-0.1876220703125,0.7503662109375,0.5941162109375,-33.26416015625,58.959957122802734,-62.133785247802734,32.0,-18.0,48.0
2025-07-16T20:39:45.597911,0.21484375,0.7286376953125,0.4931640625,-15.075682640075684,52.551265716552734,-38.51318359375,32.0,-18.0,48.0
2025-07-16T20:39:45.627909,0.1285400390625,0.9224853515625,0.6021728515625,-14.892577171325684,29.174802780151367,8.544921875,32.0,-18.0,48.0
2025-07-16T20:39:45.658199,-0.1568603515625,0.7733154296875,0.506103515625,-2.685546636581421,20.812986373901367,-21.362302780151367,35.0,-20.0,47.0
2025-07-16T20:39:45.688238,0.280029296875,0.63916015625,0.7088623046875,-3.662109136581421,14.587401390075684,-38.9404296875,35.0,-20.0,47.0
2025-07-16T20:39:45.718319,0.063232421875,0.8370361328125,0.54931640625,-35.2783203125,4.33349609375,-8.6669921875,35.0,-20.0,47.0
2025-07-16T20:39:45.748052,0.20849609375,0.6307373046875,0.4461669921875,-4.94384765625,-1.2817381620407104,-17.51708984375,34.0,-24.0,49.0
2025-07-16T20:39:45.807793,0.229736328125,0.7733154296875,0.62744140625,-14.160155296325684,-4.638671875,5.554198741912842,34.0,-24.0,49.0
2025-07-16T20:39:45.837761,0.09521484375,0.80859375,0.51025390625,-7.934569835662842,-2.685546636581421,-2.38037109375,34.0,-24.0,49.0
2025-07-16T20:39:45.868037,0.1717529296875,0.8858642578125,0.623291015625,-4.69970703125,-9.70458984375,-13.488768577575684,34.0,-24.0,49.0
2025-07-16T20:39:45.868104,0.196044921875,0.9769287109375,0.6431884765625,-13.854979515075684,-17.51708984375,1.03759765625,36.0,-23.0,44.0
2025-07-16T20:39:45.897940,0.135009765625,0.6427001953125,0.545166015625,-8.97216796875,-18.24951171875,-24.719236373901367,36.0,-23.0,44.0
2025-07-16T20:39:45.931416,0.1971435546875,0.8310546875,0.53369140625,-14.648436546325684,-9.8876953125,5.554198741912842,36.0,-23.0,44.0
2025-07-16T20:39:45.958770,0.1707763671875,0.6796875,0.6151123046875,-1.6479490995407104,-10.620116233825684,-2.563476324081421,36.0,-20.0,47.0
2025-07-16T20:39:45.988819,0.1241455078125,0.80810546875,0.4334716796875,-0.7934569716453552,-2.868652105331421,-7.690429210662842,36.0,-20.0,47.0
2025-07-16T20:39:46.018092,0.2442626953125,0.8887939453125,0.7242431640625,14.953612327575684,-11.474608421325684,-10.559081077575684,36.0,-20.0,47.0
2025-07-16T20:39:46.064380,0.1822509765625,0.7833251953125,0.5223388671875,-16.357421875,-13.488768577575684,13.427733421325684,38.0,-21.0,51.0
2025-07-16T20:39:46.064523,0.0587158203125,0.7803955078125,0.50146484375,8.48388671875,-11.047362327575684,-3.234863042831421,38.0,-21.0,51.0
2025-07-16T20:39:46.108302,0.2529296875,0.6575927734375,0.6116943359375,16.90673828125,-14.038084983825684,-12.390135765075684,38.0,-21.0,51.0
2025-07-16T20:39:46.138239,0.085693359375,0.81396484375,0.484375,1.220703125,-9.27734375,11.596678733825684,38.0,-21.0,51.0
2025-07-16T20:39:46.169335,0.1370849609375,0.815185546875,0.557373046875,27.648923873901367,-18.1884765625,-3.234863042831421,35.0,-20.0,47.0
2025-07-16T20:39:46.198439,0.13134765625,0.7142333984375,0.5697021484375,0.7934569716453552,-40.710445404052734,38.0859375,35.0,-20.0,47.0
2025-07-16T20:39:46.258737,-0.075439453125,0.98876953125,0.5489501953125,22.766111373901367,-46.752925872802734,21.850584030151367,35.0,-20.0,47.0
2025-07-16T20:39:46.260056,0.3795166015625,0.5771484375,0.696533203125,53.405757904052734,-49.377437591552734,-19.775390625,34.0,-16.0,46.0
2025-07-16T20:39:46.288355,0.1595458984375,0.7158203125,0.548828125,44.860836029052734,-27.160642623901367,44.982906341552734,34.0,-16.0,46.0
2025-07-16T20:39:46.319032,0.0382080078125,0.82666015625,0.7139892578125,74.951171875,-34.24072265625,14.221190452575684,34.0,-16.0,46.0
2025-07-16T20:39:46.348036,-0.005615234375,0.93115234375,0.8961181640625,65.3076171875,-25.268552780151367,12.329100608825684,25.0,-15.0,51.0
2025-07-16T20:39:46.378199,-0.02978515625,0.9970703125,0.917724609375,62.622066497802734,-25.329587936401367,-7.934569835662842,25.0,-15.0,51.0
2025-07-16T20:39:46.409403,0.2996826171875,1.2137451171875,1.208251953125,79.65087890625,-39.85595703125,-40.893550872802734,25.0,-15.0,51.0
2025-07-16T20:39:46.437502,0.656005859375,1.84326171875,1.1783447265625,61.035152435302734,-83.49608612060547,-55.969234466552734,25.0,-15.0,51.0
2025-07-16T20:39:46.468329,1.169921875,1.938720703125,0.9598388671875,243.46922302246094,-203.36912536621094,-220.33689880371094,22.0,-9.0,48.0
2025-07-16T20:39:46.499170,0.9122314453125,0.4158935546875,1.8739013671875,269.83642578125,-360.1684265136719,-50.598140716552734,22.0,-9.0,48.0
2025-07-16T20:39:46.529332,-0.022705078125,0.037841796875,0.841552734375,94.78759002685547,-315.73486328125,247.25340270996094,22.0,-9.0,48.0
2025-07-16T20:39:46.589334,-0.8798828125,-0.3447265625,0.27685546875,189.63621520996094,-281.06689453125,385.0707702636719,-1.0,5.0,30.0
2025-07-16T20:39:46.592200,-2.3668212890625,-1.0399169921875,0.882568359375,149.71923828125,-210.51023864746094,405.3344421386719,-1.0,5.0,30.0
2025-07-16T20:39:46.632181,-1.3350830078125,-0.6973876953125,0.8514404296875,84.28954315185547,-17.27294921875,-92.28514862060547,-1.0,5.0,30.0
2025-07-16T20:39:46.633710,-0.689208984375,-0.3592529296875,0.8255615234375,9.521484375,28.137205123901367,-13.793944358825684,-5.0,6.0,29.0
2025-07-16T20:39:46.677339,-0.437744140625,0.1568603515625,0.439208984375,-72.3876953125,64.51416015625,21.545408248901367,-5.0,6.0,29.0
2025-07-16T20:39:46.681051,-0.40625,0.0721435546875,0.3629150390625,-27.160642623901367,57.861324310302734,69.15283203125,-5.0,6.0,29.0
2025-07-16T20:39:46.739616,-0.7479248046875,-0.1204833984375,0.583740234375,-25.573728561401367,70.12939453125,29.846189498901367,-5.0,6.0,29.0
2025-07-16T20:39:46.768262,-0.61376953125,0.2010498046875,0.4696044921875,-14.038084983825684,126.28173065185547,-113.46434783935547,-4.0,0.0,30.0
2025-07-16T20:39:46.798580,-0.201904296875,0.19921875,0.58935546875,34.5458984375,117.73680877685547,-146.91162109375,-4.0,0.0,30.0
2025-07-16T20:39:46.832491,-0.0960693359375,0.1259765625,0.6175537109375,19.8974609375,119.75096893310547,-126.77001190185547,-4.0,0.0,30.0
2025-07-16T20:39:46.858964,-0.2685546875,-0.1700439453125,0.3314208984375,16.90673828125,126.77001190185547,-190.67381286621094,4.0,-2.0,38.0
2025-07-16T20:39:46.902179,-0.08642578125,-0.0426025390625,0.4205322265625,22.827146530151367,102.53905487060547,-218.93309020996094,4.0,-2.0,38.0
2025-07-16T20:39:46.903199,0.378173828125,0.0924072265625,0.474853515625,16.41845703125,80.62743377685547,-122.13134002685547,4.0,-2.0,38.0
2025-07-16T20:39:46.949097,-0.0382080078125,0.0670166015625,0.7138671875,32.470703125,17.7001953125,59.753414154052734,4.0,-2.0,38.0
2025-07-16T20:39:46.979533,-0.5250244140625,0.128662109375,0.78271484375,-28.625486373901367,91.06444549560547,59.448238372802734,4.0,-4.0,38.0
2025-07-16T20:39:47.008144,-0.4576416015625,0.286865234375,0.6259765625,-35.46142578125,55.541988372802734,-78.06396484375,4.0,-4.0,38.0
2025-07-16T20:39:47.038027,0.082275390625,0.7786865234375,0.4381103515625,38.02490234375,51.757808685302734,-209.71678161621094,4.0,-4.0,38.0
2025-07-16T20:39:47.068942,0.48974609375,-0.1297607421875,0.7110595703125,97.35106658935547,-13.366698265075684,65.61279296875,4.0,-6.0,42.0
2025-07-16T20:39:47.097362,0.97412109375,-0.7635498046875,0.6768798828125,-38.02490234375,-106.81151580810547,281.55517578125,4.0,-6.0,42.0
2025-07-16T20:39:47.128723,-2.0367431640625,0.5001220703125,0.9342041015625,-273.86474609375,-44.921871185302734,146.8505859375,4.0,-6.0,42.0
2025-07-16T20:39:47.158102,-0.8841552734375,1.1539306640625,-0.122314453125,88.50096893310547,129.2724609375,-268.24951171875,6.0,-8.0,46.0
2025-07-16T20:39:47.202202,1.0205078125,-0.37890625,1.2791748046875,178.95506286621094,4.69970703125,-164.48973083496094,6.0,-8.0,46.0
2025-07-16T20:39:47.204014,0.8193359375,0.095947265625,1.00830078125,-142.51708984375,49.743648529052734,103.82079315185547,6.0,-8.0,46.0
2025-07-16T20:39:47.248011,-0.772705078125,0.3916015625,1.111572265625,27.343748092651367,-33.69140625,116.76024627685547,6.0,-8.0,46.0
2025-07-16T20:39:47.278206,-0.77001953125,-0.2852783203125,1.16845703125,37.9638671875,45.166011810302734,-153.4423828125,5.0,-10.0,40.0
2025-07-16T20:39:47.309043,0.4693603515625,-0.1787109375,1.4730224609375,-15.319823265075684,60.791011810302734,-42.541500091552734,5.0,-10.0,40.0
2025-07-16T20:39:47.339053,0.0904541015625,0.166748046875,0.7767333984375,-33.5693359375,42.907711029052734,-17.76123046875,5.0,-10.0,40.0
2025-07-16T20:39:47.368355,-0.00048828125,0.455078125,0.8411865234375,32.16552734375,-2.868652105331421,-31.066892623901367,7.0,-12.0,40.0
2025-07-16T20:39:47.398067,-0.110107421875,0.027099609375,1.214111328125,7.141112804412842,2.197265625,-4.5166015625,7.0,-12.0,40.0
2025-07-16T20:39:47.429010,0.214111328125,0.0792236328125,1.1224365234375,-25.451658248901367,36.56005859375,14.709471702575684,7.0,-12.0,40.0
2025-07-16T20:39:47.472365,-0.168701171875,-0.013671875,0.883056640625,-6.652831554412842,44.433589935302734,21.667478561401367,8.0,-12.0,46.0
2025-07-16T20:39:47.473477,0.0107421875,0.124267578125,0.885986328125,-5.187987804412842,43.945308685302734,-39.12353515625,8.0,-12.0,46.0
2025-07-16T20:39:47.518531,0.2005615234375,0.220703125,1.0267333984375,-5.798339366912842,12.939452171325684,0.9765624403953552,8.0,-12.0,46.0
2025-07-16T20:39:47.578898,0.052490234375,0.21826171875,0.9691162109375,-21.850584030151367,0.1831054538488388,14.770506858825684,8.0,-12.0,46.0
2025-07-16T20:39:47.608042,0.0616455078125,0.1937255859375,0.9390869140625,-3.173827886581421,-0.9155272841453552,-11.535643577575684,8.0,-13.0,46.0
2025-07-16T20:39:47.609222,0.1522216796875,0.0147705078125,0.973388671875,-2.01416015625,1.0986328125,-15.930174827575684,8.0,-13.0,46.0
2025-07-16T20:39:47.669362,0.05029296875,0.1439208984375,0.963134765625,-7.812499523162842,10.009765625,-17.333984375,8.0,-13.0,46.0
2025-07-16T20:39:47.671781,0.08154296875,0.18701171875,1.037841796875,-2.01416015625,7.873534679412842,-16.7236328125,8.0,-13.0,43.0
2025-07-16T20:39:47.699309,-0.0062255859375,0.2198486328125,1.0308837890625,-11.779784202575684,33.99658203125,-27.526853561401367,8.0,-13.0,43.0
2025-07-16T20:39:47.729688,0.53466796875,0.0538330078125,0.946044921875,-9.6435546875,46.997066497802734,-24.047849655151367,8.0,-13.0,43.0
2025-07-16T20:39:47.758722,0.7647705078125,-0.04736328125,0.93896484375,-20.568845748901367,38.4521484375,89.78270721435547,9.0,-19.0,52.0
2025-07-16T20:39:47.819466,0.400634765625,0.0133056640625,0.8394775390625,1.0986328125,-22.949216842651367,204.28465270996094,9.0,-19.0,52.0
2025-07-16T20:39:47.819861,-0.7470703125,0.2781982421875,0.922119140625,-38.6962890625,-30.761716842651367,84.96092987060547,9.0,-19.0,52.0
2025-07-16T20:39:47.848607,-0.590087890625,0.544921875,0.8155517578125,11.840819358825684,37.9638671875,-92.40721893310547,9.0,-19.0,52.0
2025-07-16T20:39:47.909034,0.4091796875,0.1220703125,1.1197509765625,69.2138671875,24.291990280151367,-81.78710174560547,9.0,-19.0,48.0
2025-07-16T20:39:47.909535,0.5540771484375,-0.028564453125,1.1197509765625,-30.151365280151367,5.920409679412842,26.733396530151367,9.0,-19.0,48.0
2025-07-16T20:39:47.939497,0.1793212890625,0.2156982421875,0.8492431640625,-11.291502952575684,-1.5258787870407104,45.227046966552734,9.0,-19.0,48.0
2025-07-16T20:39:47.968573,0.0455322265625,0.27099609375,0.8719482421875,5.859374523162842,8.23974609375,16.2353515625,8.0,-16.0,47.0
2025-07-16T20:39:47.998440,0.0960693359375,0.302978515625,1.0411376953125,1.2817381620407104,4.5166015625,16.357421875,8.0,-16.0,47.0
2025-07-16T20:39:48.041889,0.1903076171875,0.2647705078125,1.0068359375,-0.4272460639476776,2.44140625,16.05224609375,8.0,-16.0,47.0
2025-07-16T20:39:48.043941,0.2120361328125,0.1278076171875,0.959716796875,-6.225585460662842,7.812499523162842,16.90673828125,7.0,-19.0,47.0
2025-07-16T20:39:48.087812,0.12939453125,0.23095703125,0.9285888671875,-1.15966796875,1.2817381620407104,19.6533203125,7.0,-19.0,47.0
2025-07-16T20:39:48.117890,0.106689453125,0.2679443359375,0.9365234375,-6.958007335662842,6.469726085662842,7.873534679412842,7.0,-19.0,47.0
2025-07-16T20:39:48.147736,0.4349365234375,0.27734375,0.9931640625,-6.774901866912842,23.071287155151367,6.652831554412842,7.0,-19.0,47.0
2025-07-16T20:39:48.177760,0.7862548828125,0.1907958984375,0.9677734375,6.896972179412842,29.418943405151367,25.512693405151367,7.0,-19.0,50.0
2025-07-16T20:39:48.207830,0.324951171875,0.1522216796875,1.0599365234375,3.906249761581421,-20.629880905151367,93.50585174560547,7.0,-19.0,50.0
2025-07-16T20:39:48.237808,-0.583740234375,0.1728515625,0.8521728515625,-6.652831554412842,-0.0610351525247097,96.06932830810547,7.0,-19.0,50.0
2025-07-16T20:39:48.267985,-0.55224609375,0.295654296875,0.84521484375,2.990722417831421,14.221190452575684,-34.97314453125,8.0,-19.0,51.0
2025-07-16T20:39:48.328610,0.241455078125,0.0838623046875,0.8616943359375,1.0986328125,11.596678733825684,-41.381832122802734,8.0,-19.0,51.0
2025-07-16T20:39:48.328940,0.43359375,0.1973876953125,1.0263671875,10.375975608825684,0.4272460639476776,-14.709471702575684,8.0,-19.0,51.0
2025-07-16T20:39:48.357824,0.3109130859375,0.2890625,1.029296875,-1.2817381620407104,0.9765624403953552,1.6479490995407104,4.0,-22.0,46.0
2025-07-16T20:39:48.388428,0.0751953125,0.2462158203125,0.917236328125,4.57763671875,-1.2817381620407104,0.4882812201976776,4.0,-22.0,46.0
2025-07-16T20:39:48.417145,0.073974609375,0.1722412109375,0.916259765625,3.051757574081421,-0.6713866591453552,-13.671874046325684,4.0,-22.0,46.0
2025-07-16T20:39:48.447812,0.1573486328125,0.218994140625,0.9344482421875,1.9531248807907104,-0.4272460639476776,-20.080564498901367,4.0,-22.0,46.0
2025-07-16T20:39:48.478203,0.2554931640625,0.2607421875,1.0142822265625,6.652831554412842,-2.624511480331421,-10.620116233825684,8.0,-19.0,44.0
2025-07-16T20:39:48.507508,0.2115478515625,0.2447509765625,0.9671630859375,-4.08935546875,-4.45556640625,-4.0283203125,8.0,-19.0,44.0
2025-07-16T20:39:48.539111,0.144775390625,0.179443359375,0.9371337890625,3.967284917831421,-2.13623046875,-7.385253429412842,8.0,-19.0,44.0
2025-07-16T20:39:48.568195,0.22900390625,0.223876953125,0.9649658203125,-6.469726085662842,-3.356933355331421,1.7089842557907104,6.0,-21.0,47.0
2025-07-16T20:39:48.599010,0.1632080078125,0.226318359375,0.981689453125,2.807616949081421,-6.835937023162842,6.896972179412842,6.0,-21.0,47.0
2025-07-16T20:39:48.629075,0.1602783203125,0.1934814453125,0.9212646484375,-6.225585460662842,2.0751953125,-4.33349609375,6.0,-21.0,47.0
2025-07-16T20:39:48.657985,0.139404296875,0.166015625,0.8804931640625,7.507323741912842,-0.8544921278953552,-9.3994140625,7.0,-21.0,41.0
2025-07-16T20:39:48.687952,0.1312255859375,0.269287109375,0.9866943359375,4.45556640625,3.479003667831421,-20.812986373901367,7.0,-21.0,41.0
2025-07-16T20:39:48.731939,0.34130859375,0.2435302734375,1.0225830078125,1.4648436307907104,2.0751953125,-6.713866710662842,7.0,-21.0,41.0
2025-07-16T20:39:48.733126,0.2109375,0.173828125,0.943603515625,-2.50244140625,-2.13623046875,8.6669921875,7.0,-21.0,41.0
2025-07-16T20:39:48.777700,0.1080322265625,0.212158203125,0.9130859375,4.08935546875,0.4882812201976776,4.33349609375,7.0,-18.0,50.0
2025-07-16T20:39:48.821889,0.1319580078125,0.1776123046875,0.973388671875,3.173827886581421,0.1220703050494194,-3.356933355331421,7.0,-18.0,50.0
2025-07-16T20:39:48.823294,0.19140625,0.2564697265625,0.9638671875,0.54931640625,2.624511480331421,-11.108397483825684,7.0,-18.0,50.0
2025-07-16T20:39:48.852258,0.1802978515625,0.220703125,0.9561767578125,1.4038084745407104,-0.7934569716453552,-6.347655773162842,10.0,-22.0,47.0
2025-07-16T20:39:48.899246,0.1094970703125,0.1690673828125,0.8812255859375,0.0,-0.1831054538488388,-12.390135765075684,10.0,-22.0,47.0
2025-07-16T20:39:48.941768,0.1385498046875,0.1800537109375,0.9190673828125,9.6435546875,0.9155272841453552,-25.573728561401367,10.0,-22.0,47.0
2025-07-16T20:39:48.943363,0.1768798828125,0.185791015625,1.0062255859375,12.390135765075684,0.0610351525247097,-29.785154342651367,8.0,-20.0,49.0
2025-07-16T20:39:48.988957,0.2489013671875,0.2110595703125,0.96044921875,3.662109136581421,-0.4272460639476776,-17.27294921875,8.0,-20.0,49.0
2025-07-16T20:39:49.018799,0.272216796875,0.1695556640625,0.9788818359375,9.70458984375,-8.11767578125,4.45556640625,8.0,-20.0,49.0
2025-07-16T20:39:49.078101,0.09814453125,0.197265625,0.9127197265625,3.540038824081421,-5.065917491912842,-3.051757574081421,8.0,-20.0,49.0
2025-07-16T20:39:49.078409,0.1590576171875,0.1759033203125,0.9671630859375,16.11328125,1.6479490995407104,-16.4794921875,5.0,-17.0,46.0
2025-07-16T20:39:49.109853,0.275146484375,0.1341552734375,0.966796875,2.50244140625,1.8310545682907104,-8.85009765625,5.0,-17.0,46.0
2025-07-16T20:39:49.139273,0.185791015625,0.2191162109375,0.9658203125,14.404295921325684,-1.8920897245407104,0.9765624403953552,5.0,-17.0,46.0
2025-07-16T20:39:49.168275,0.1341552734375,0.151611328125,0.968505859375,1.5258787870407104,2.44140625,-5.371093273162842,8.0,-18.0,46.0
2025-07-16T20:39:49.199799,0.166259765625,0.1771240234375,0.9490966796875,12.817381858825684,-0.2441406100988388,-2.624511480331421,8.0,-18.0,46.0
2025-07-16T20:39:49.245336,0.218505859375,0.140869140625,0.989013671875,4.150390625,8.056640625,-13.732909202575684,8.0,-18.0,46.0
2025-07-16T20:39:49.245707,0.2794189453125,0.204833984375,0.998779296875,9.6435546875,6.469726085662842,-5.737304210662842,6.0,-21.0,48.0
2025-07-16T20:39:49.288002,0.187744140625,0.1103515625,0.9373779296875,2.563476324081421,4.0283203125,2.01416015625,6.0,-21.0,48.0
2025-07-16T20:39:49.332194,0.0989990234375,0.1593017578125,0.928955078125,6.774901866912842,3.723144292831421,-6.164550304412842,6.0,-21.0,48.0
2025-07-16T20:39:49.334258,0.2041015625,0.140625,0.95947265625,1.8310545682907104,5.0048828125,-15.869139671325684,6.0,-21.0,48.0
2025-07-16T20:39:49.377946,0.1873779296875,0.166748046875,0.9041748046875,4.8828125,-1.3427733182907104,-15.319823265075684,7.0,-19.0,48.0
2025-07-16T20:39:49.453116,0.1572265625,0.119140625,1.00390625,7.324218273162842,-0.4882812201976776,-18.06640625,7.0,-19.0,48.0
2025-07-16T20:39:49.454756,0.31298828125,0.1751708984375,1.0087890625,6.835937023162842,9.58251953125,-11.901854515075684,7.0,-19.0,48.0
2025-07-16T20:39:49.467539,0.2916259765625,0.0634765625,0.964111328125,0.2441406100988388,-3.540038824081421,12.695311546325684,6.0,-17.0,44.0
2025-07-16T20:39:49.513701,0.048828125,0.1429443359375,0.8887939453125,-2.0751953125,-10.070799827575684,4.21142578125,6.0,-17.0,44.0
2025-07-16T20:39:49.514711,0.0758056640625,0.123046875,0.9515380859375,6.347655773162842,-6.591796398162842,-17.51708984375,6.0,-17.0,44.0
2025-07-16T20:39:49.557888,0.27783203125,0.139404296875,0.9952392578125,2.0751953125,0.0610351525247097,-32.40966796875,8.0,-17.0,48.0
2025-07-16T20:39:49.601931,0.3001708984375,0.128662109375,0.9615478515625,5.065917491912842,-4.08935546875,-11.535643577575684,8.0,-17.0,48.0
2025-07-16T20:39:49.603182,0.153564453125,0.1007080078125,0.93994140625,7.080077648162842,-3.540038824081421,-13.610838890075684,8.0,-17.0,48.0
2025-07-16T20:39:49.648120,0.0657958984375,0.1021728515625,0.9232177734375,17.7001953125,5.920409679412842,-53.588863372802734,8.0,-17.0,48.0
2025-07-16T20:39:49.678231,0.17431640625,0.08642578125,0.998779296875,12.756346702575684,10.925292015075684,-73.2421875,2.0,-19.0,43.0
2025-07-16T20:39:49.708145,0.257568359375,0.1458740234375,0.9713134765625,0.4272460639476776,-3.906249761581421,-57.922359466552734,2.0,-19.0,43.0
2025-07-16T20:39:49.737937,0.1802978515625,0.1298828125,0.9498291015625,3.723144292831421,-14.892577171325684,-44.433589935302734,2.0,-19.0,43.0
2025-07-16T20:39:49.767776,0.2125244140625,0.0799560546875,1.019287109375,10.986327171325684,-10.009765625,-44.616695404052734,7.0,-16.0,49.0
2025-07-16T20:39:49.812893,0.36767578125,-0.0001220703125,1.0242919921875,-4.0283203125,-5.310058116912842,-25.024412155151367,7.0,-16.0,49.0
2025-07-16T20:39:49.814011,0.24755859375,0.04541015625,0.8707275390625,5.310058116912842,-9.09423828125,-4.33349609375,7.0,-16.0,49.0
2025-07-16T20:39:49.857666,0.1627197265625,0.08203125,0.9918212890625,21.118162155151367,-5.310058116912842,-3.601073980331421,7.0,-15.0,42.0
2025-07-16T20:39:49.902102,0.2027587890625,0.0189208984375,0.958984375,9.21630859375,4.08935546875,-11.474608421325684,7.0,-15.0,42.0
2025-07-16T20:39:49.903210,0.240966796875,0.0982666015625,0.98193359375,26.733396530151367,0.7934569716453552,-11.352538108825684,7.0,-15.0,42.0
2025-07-16T20:39:49.978115,0.2181396484375,0.0252685546875,1.0594482421875,6.652831554412842,-11.108397483825684,8.056640625,7.0,-15.0,42.0
2025-07-16T20:39:49.978347,0.093505859375,0.1524658203125,0.957275390625,-0.9765624403953552,-16.2353515625,13.488768577575684,5.0,-18.0,45.0
2025-07-16T20:39:50.022045,0.1396484375,-0.0037841796875,0.9337158203125,6.225585460662842,-13.793944358825684,-7.629394054412842,5.0,-18.0,45.0
2025-07-16T20:39:50.023286,0.1925048828125,-0.1075439453125,0.9417724609375,6.164550304412842,-5.920409679412842,-17.333984375,5.0,-18.0,45.0
2025-07-16T20:39:50.068653,0.3363037109375,-0.1044921875,0.9757080078125,-0.6713866591453552,4.39453125,-16.41845703125,6.0,-15.0,47.0
2025-07-16T20:39:50.097940,0.3072509765625,0.062255859375,0.969482421875,0.30517578125,1.7700194120407104,12.145995140075684,6.0,-15.0,47.0
2025-07-16T20:39:50.127818,0.12890625,0.1900634765625,1.0650634765625,6.713866710662842,3.112792730331421,12.817381858825684,6.0,-15.0,47.0
2025-07-16T20:39:50.157750,0.149658203125,0.0911865234375,0.9874267578125,-6.225585460662842,6.469726085662842,3.601073980331421,6.0,-15.0,44.0
2025-07-16T20:39:50.201887,0.15234375,-0.0223388671875,0.896240234375,-1.5869139432907104,-12.878417015075684,20.385740280151367,6.0,-15.0,44.0
2025-07-16T20:39:50.202777,-0.09033203125,-0.064208984375,0.9111328125,8.97216796875,-12.390135765075684,5.065917491912842,6.0,-15.0,44.0
2025-07-16T20:39:50.247603,0.1009521484375,-0.035888671875,1.045654296875,13.061522483825684,3.845214605331421,-51.025386810302734,6.0,-15.0,44.0
2025-07-16T20:39:50.278410,0.3641357421875,0.0184326171875,0.9949951171875,-2.868652105331421,19.59228515625,-62.072750091552734,4.0,-15.0,47.0
2025-07-16T20:39:50.308271,0.3917236328125,0.0419921875,0.9918212890625,10.803221702575684,-7.446288585662842,9.3994140625,4.0,-15.0,47.0
